proxy,contractsIn,simContract,level
0xaf1b3e9ef7bb76f3de51c728202d382b8395a1cb,0xb718561d3b7ac5a950cf7ece2a519c274f15348b,0x38c8ef452ed4d6e94700f97dd704cf9b73550fcc,high
0xaf1b3e9ef7bb76f3de51c728202d382b8395a1cb,0xb718561d3b7ac5a950cf7ece2a519c274f15348b,0xdc3f70b6334ad205ee4d1951e5f20eda5b3af513,high
0xaf1b3e9ef7bb76f3de51c728202d382b8395a1cb,0xb718561d3b7ac5a950cf7ece2a519c274f15348b,0x171312e1a3a84d6944d8ef4bbc172572c442e8c6,medium
0xaf1b3e9ef7bb76f3de51c728202d382b8395a1cb,0x38c8ef452ed4d6e94700f97dd704cf9b73550fcc,0xb718561d3b7ac5a950cf7ece2a519c274f15348b,high
0x96d1e9d25bd949b6811e2844aca63cb3cfce68af,0xb1d809dbe0bd0208e57c20e55f5a0a7f617aecce,0x08e09df217c86dbe8b5f15360579bd3c5bccd9e8,medium
0x96d1e9d25bd949b6811e2844aca63cb3cfce68af,0xb1d809dbe0bd0208e57c20e55f5a0a7f617aecce,0x9bebd0e7b7ad080146d92203d59b69eb5087f9de,medium
0x96d1e9d25bd949b6811e2844aca63cb3cfce68af,0x9bebd0e7b7ad080146d92203d59b69eb5087f9de,0xb1d809dbe0bd0208e57c20e55f5a0a7f617aecce,medium
0xd4a4025ac285796a237af820452f569cf9fc92a1,0x01981d869d8559b0d3b807f15ab51260a1f9f4f2,0x29935f54a45f5955ad7bc9d5416f746c3d1b9d69,medium
0xd4a4025ac285796a237af820452f569cf9fc92a1,0x01981d869d8559b0d3b807f15ab51260a1f9f4f2,0x04a2c0258c9c13e4b3a56affe6804cc6c5c1587a,medium
0xd4a4025ac285796a237af820452f569cf9fc92a1,0x04a2c0258c9c13e4b3a56affe6804cc6c5c1587a,0x01981d869d8559b0d3b807f15ab51260a1f9f4f2,medium
0xd4a4025ac285796a237af820452f569cf9fc92a1,0x85409605ff5d53b27b56d1e2584c81b0dca7f64d,0xb96078c516e3cda9b815622df673460034e33100,high
0x2493fc5c0c3b8ea49e04f5379022afeabe65b7e9,0xd0a2cf0e34e47360dab3ac09d23541bfa66df3c7,0x2aceb0ff1a5630489bb177b0fd274379d1abde4e,medium
0x2493fc5c0c3b8ea49e04f5379022afeabe65b7e9,0xd0a2cf0e34e47360dab3ac09d23541bfa66df3c7,0xe989f941879ffb84c4083c3ebaa109c7eea17ae6,medium
0x2493fc5c0c3b8ea49e04f5379022afeabe65b7e9,0xd0a2cf0e34e47360dab3ac09d23541bfa66df3c7,0x863597b22a2de9dcb90fc17d93e2630495f42e62,medium
0x2493fc5c0c3b8ea49e04f5379022afeabe65b7e9,0xd0a2cf0e34e47360dab3ac09d23541bfa66df3c7,0x47cb06f40422b9d6027313f92858f647a88e81cb,medium
0x2493fc5c0c3b8ea49e04f5379022afeabe65b7e9,0xd0a2cf0e34e47360dab3ac09d23541bfa66df3c7,0x7b1a10dcb9f715bda68fe11fbb57183b7bfb61e1,medium
0x2493fc5c0c3b8ea49e04f5379022afeabe65b7e9,0x2aceb0ff1a5630489bb177b0fd274379d1abde4e,0xd0a2cf0e34e47360dab3ac09d23541bfa66df3c7,medium
0x9e4fae1c7ac543a81e4e2a5486a0ddaad8194bda,0x4e6d068f43ae28ce4a7bc97d9dc5fdfb8a55f008,0x3beb54fe1b0b0569d71f4ff56f3b9c9e4cf2f3f0,low
0x9e4fae1c7ac543a81e4e2a5486a0ddaad8194bda,0x3beb54fe1b0b0569d71f4ff56f3b9c9e4cf2f3f0,0x4e6d068f43ae28ce4a7bc97d9dc5fdfb8a55f008,low
0xba3eeeb0cf1584ee565f34fcaba74d3e73268c0b,0xe2b8220b3cc9b64d24801fc57355d54ec82d82f2,0x928155ac28913c1a9e2c323f88d4fe634a91a287,low
0xba3eeeb0cf1584ee565f34fcaba74d3e73268c0b,0x3c2e6b09bb8d96ff02757e205ec205d0122f1c9e,0xe2b8220b3cc9b64d24801fc57355d54ec82d82f2,high
0xba3eeeb0cf1584ee565f34fcaba74d3e73268c0b,0x3c2e6b09bb8d96ff02757e205ec205d0122f1c9e,0x41f77eb9c021425bbe65206343524e8006d1c753,medium
0xba3eeeb0cf1584ee565f34fcaba74d3e73268c0b,0x3c2e6b09bb8d96ff02757e205ec205d0122f1c9e,0xdfe38c627f1a95f488eb24e403067fe171e0b31e,medium
0xba3eeeb0cf1584ee565f34fcaba74d3e73268c0b,0xe2b8220b3cc9b64d24801fc57355d54ec82d82f2,0x3c2e6b09bb8d96ff02757e205ec205d0122f1c9e,high
0x0393295e334866f0857f0b2ebd78512af9457f55,0xef482808f1a71546c703ba0597dd7e9bd3b948bb,0x64385e73ffff752fe8ab710ce38ce38795bc3f12,low
0x0393295e334866f0857f0b2ebd78512af9457f55,0xef482808f1a71546c703ba0597dd7e9bd3b948bb,0xba31d5068e12600411521cef5137c1cada143c59,low
0x0393295e334866f0857f0b2ebd78512af9457f55,0xef482808f1a71546c703ba0597dd7e9bd3b948bb,0x63245cd23fe44822d085778886be10b57b239ff6,low
0x0393295e334866f0857f0b2ebd78512af9457f55,0xef482808f1a71546c703ba0597dd7e9bd3b948bb,0x687eb2f150329a7a1c05f4a8876662aedcd21dde,low
0x0393295e334866f0857f0b2ebd78512af9457f55,0xef482808f1a71546c703ba0597dd7e9bd3b948bb,0x759e74a9176842e1b58f65f7c9d9621d861ab642,low
0x0393295e334866f0857f0b2ebd78512af9457f55,0xef482808f1a71546c703ba0597dd7e9bd3b948bb,0x93627187a39da0aed8fc121c5595082b93fc1ced,low
0x0393295e334866f0857f0b2ebd78512af9457f55,0xef482808f1a71546c703ba0597dd7e9bd3b948bb,0x9ab8a427b9526590274af16c11f09b3c9dd48919,low
0x0393295e334866f0857f0b2ebd78512af9457f55,0xef482808f1a71546c703ba0597dd7e9bd3b948bb,0xa34bd6ddafa7b928ef72519610d9bae2b6f62b86,low
0x0393295e334866f0857f0b2ebd78512af9457f55,0xef482808f1a71546c703ba0597dd7e9bd3b948bb,0xb53e70816694b0139057ba01ef24340815cdda25,low
0x0393295e334866f0857f0b2ebd78512af9457f55,0xef482808f1a71546c703ba0597dd7e9bd3b948bb,0xb62177b32489a8068e96e20f30a6ab895acc0753,low
0x0393295e334866f0857f0b2ebd78512af9457f55,0xef482808f1a71546c703ba0597dd7e9bd3b948bb,0xba9405eb98fc41a6e07c5c9fd268493e7a6d579f,low
0x0393295e334866f0857f0b2ebd78512af9457f55,0xef482808f1a71546c703ba0597dd7e9bd3b948bb,0x072c4d08e5517bc229192665095f56c38e899741,low
0x0393295e334866f0857f0b2ebd78512af9457f55,0xef482808f1a71546c703ba0597dd7e9bd3b948bb,0x9d8c388d03f28e9e9ec2be15ff5bef5f7342b742,low
0x0393295e334866f0857f0b2ebd78512af9457f55,0xef482808f1a71546c703ba0597dd7e9bd3b948bb,0xb7115ee997cea28096d0ce5f3a5979e9b11ba50d,low
0x0393295e334866f0857f0b2ebd78512af9457f55,0xef482808f1a71546c703ba0597dd7e9bd3b948bb,0xf7b54bb299fa3b7d7130a3963a1b5b55bb28b107,low
0x0393295e334866f0857f0b2ebd78512af9457f55,0x84078967e5a353fc1c73366887010a8eef8387dc,0x0f22b407aceeb7175fe1f4739da5cd9b1274a121,high
0x0393295e334866f0857f0b2ebd78512af9457f55,0x84078967e5a353fc1c73366887010a8eef8387dc,0x199ca535260f16e54e4552a3664ad5828037a837,high
0x0393295e334866f0857f0b2ebd78512af9457f55,0x84078967e5a353fc1c73366887010a8eef8387dc,0x72b6aca6158ae91c312445bc7cba6d2a79206c3e,high
0x0393295e334866f0857f0b2ebd78512af9457f55,0x84078967e5a353fc1c73366887010a8eef8387dc,0x7b6c0726c8d2da330bf5c65c6889ee268cd19466,high
0x0393295e334866f0857f0b2ebd78512af9457f55,0x84078967e5a353fc1c73366887010a8eef8387dc,0x68068550a726001c413d50e55a26c90b0f7508e7,high
0x0393295e334866f0857f0b2ebd78512af9457f55,0x84078967e5a353fc1c73366887010a8eef8387dc,0xef713a29dd9bae1d18da01a5ae534370acad8f01,high
0x0393295e334866f0857f0b2ebd78512af9457f55,0x84078967e5a353fc1c73366887010a8eef8387dc,0x47e6d697ed8dee08c61a8c87350027eacc270d5f,high
0x0393295e334866f0857f0b2ebd78512af9457f55,0x84078967e5a353fc1c73366887010a8eef8387dc,0x49c97ca4bc305fc0e9d3dcb3b1647e5551dc1159,high
0x0393295e334866f0857f0b2ebd78512af9457f55,0x84078967e5a353fc1c73366887010a8eef8387dc,0x7f784fd50a648702bc3970cbf1e9b80a9e56a4db,high
0x0393295e334866f0857f0b2ebd78512af9457f55,0x84078967e5a353fc1c73366887010a8eef8387dc,0xc34ee85daf51bc7ac9b6cbbb7882b41b7385fa01,high
0x0393295e334866f0857f0b2ebd78512af9457f55,0x84078967e5a353fc1c73366887010a8eef8387dc,0x4601055d58bb14b35c6bdf815aee0a7c4c163880,high
0x0393295e334866f0857f0b2ebd78512af9457f55,0x84078967e5a353fc1c73366887010a8eef8387dc,0x9038a1d26eba5ea1f9e3c0a6ab69ea651f98058c,high
0x0393295e334866f0857f0b2ebd78512af9457f55,0x84078967e5a353fc1c73366887010a8eef8387dc,0xb7df11edd50afbcfcf93d0fa3fc8bf11ea36175a,high
0x0393295e334866f0857f0b2ebd78512af9457f55,0x84078967e5a353fc1c73366887010a8eef8387dc,0xc4f6cbba59916753b880693474667f7c8230ac7d,high
0x0393295e334866f0857f0b2ebd78512af9457f55,0x84078967e5a353fc1c73366887010a8eef8387dc,0xc2999a44d3bb440c17fc82fe499fdd581352a8d7,medium
0x0393295e334866f0857f0b2ebd78512af9457f55,0x84078967e5a353fc1c73366887010a8eef8387dc,0xcd243d70160707812c2475eabfcbc93b21b27fbc,medium
0x0393295e334866f0857f0b2ebd78512af9457f55,0x84078967e5a353fc1c73366887010a8eef8387dc,0x22d6af3eef515cd4a20db5c88143b256b0a1a206,medium
0x0393295e334866f0857f0b2ebd78512af9457f55,0x84078967e5a353fc1c73366887010a8eef8387dc,0x24f15537229590f33c1bdf6f2fe3d55eed26ca6d,medium
0x0393295e334866f0857f0b2ebd78512af9457f55,0x84078967e5a353fc1c73366887010a8eef8387dc,0x5921e451931cb279032fbaaf9fd8282f95a0c201,medium
0x0393295e334866f0857f0b2ebd78512af9457f55,0x84078967e5a353fc1c73366887010a8eef8387dc,0xac2b08a05bb78b6d804ad329fa388ace3e09e4dc,medium
0x0393295e334866f0857f0b2ebd78512af9457f55,0x84078967e5a353fc1c73366887010a8eef8387dc,0xd8af579ba2bb3d9cf7d50b08d60f7702b01df4cf,medium
0x0393295e334866f0857f0b2ebd78512af9457f55,0x84078967e5a353fc1c73366887010a8eef8387dc,0x52cc59d4a92ca8cb6b82f7741bae005766fc4912,medium
0x0393295e334866f0857f0b2ebd78512af9457f55,0x84078967e5a353fc1c73366887010a8eef8387dc,0x2f701fc5b2bc15fa8b09190a5cfc7b564ae9fad3,medium
0x0393295e334866f0857f0b2ebd78512af9457f55,0x84078967e5a353fc1c73366887010a8eef8387dc,0x8ad16ed35b1cfc6072af325005213fe8c29c7477,medium
0x0393295e334866f0857f0b2ebd78512af9457f55,0x84078967e5a353fc1c73366887010a8eef8387dc,0x7c6e939b88b3f55900465cba66149c343944225e,low
0x0393295e334866f0857f0b2ebd78512af9457f55,0x7b6c0726c8d2da330bf5c65c6889ee268cd19466,0x84078967e5a353fc1c73366887010a8eef8387dc,high
0xd18019dbd648f9c2794dd3f130ad7490f7f3c173,0x0a7f9ee48fb13f0dfae067e9301116f7c35bd7d2,0x775ceca71307700a8b43063dcc15691db20773e8,medium
0xd18019dbd648f9c2794dd3f130ad7490f7f3c173,0x775ceca71307700a8b43063dcc15691db20773e8,0x0544b78760aab5db937d230a444da7ef9f7319c9,medium
0xd18019dbd648f9c2794dd3f130ad7490f7f3c173,0x775ceca71307700a8b43063dcc15691db20773e8,0x0a7f9ee48fb13f0dfae067e9301116f7c35bd7d2,medium
0x12c84355522228f29800feb7141ee0dba6a6a396,0xc5db67286fc1da04b254681e6b52327ed54d40af,0xd172b8ddfc8626f36c3c5c2c78138bd1ce0092ec,high
0x12c84355522228f29800feb7141ee0dba6a6a396,0xd172b8ddfc8626f36c3c5c2c78138bd1ce0092ec,0xc5db67286fc1da04b254681e6b52327ed54d40af,high
0x05bab9017705d32a8a0bb2ec06a78fa0fa20f1a4,0x525a0cd0c00477744e18881d4ba59674556f2743,0xc313b5bdb9ec22b955b07eab57c81f484deaf844,low
0x05bab9017705d32a8a0bb2ec06a78fa0fa20f1a4,0x653498a9e1c98eedaa9733d2d28617ff0e43dc18,0x4102109981d59c1491fc0faa2d40ba93a4d63fcb,high
0x05bab9017705d32a8a0bb2ec06a78fa0fa20f1a4,0x653498a9e1c98eedaa9733d2d28617ff0e43dc18,0xbcc10afafb91a736e47d435841b56eb9ffa5f402,medium
0x05bab9017705d32a8a0bb2ec06a78fa0fa20f1a4,0x4102109981d59c1491fc0faa2d40ba93a4d63fcb,0x653498a9e1c98eedaa9733d2d28617ff0e43dc18,high
0xe8e18e553dac32d73d434e15e6aaaf3e4d9bcfd5,0x7bf55274bfc796014fa144cb46c4c534c983728f,0xfee7d2e1277060f3f3774776232da1cca4f4bcb9,low
0xe8e18e553dac32d73d434e15e6aaaf3e4d9bcfd5,0xfee7d2e1277060f3f3774776232da1cca4f4bcb9,0x45c0f563c3eeb489c99c56e3dc9b67d2cec24325,medium
0xe8e18e553dac32d73d434e15e6aaaf3e4d9bcfd5,0xfee7d2e1277060f3f3774776232da1cca4f4bcb9,0x7bf55274bfc796014fa144cb46c4c534c983728f,low
0xefaed650f1a94801806bb110019d9b0dc79531a8,0x392eb130d797a3476650a4b0d2cb1138055ca390,0x4e7a29e218bd01f47a3b8cee88cb33363e69d741,medium
0x120508eb8f0895a7de876cf2d49bb04458c68a14,0x4dbf03a2d7037eb59ae03d3a2927f1d7ec805c69,0x89bf671ce19eabc0c9387960198676875f3ab56a,medium
0x120508eb8f0895a7de876cf2d49bb04458c68a14,0x89bf671ce19eabc0c9387960198676875f3ab56a,0x4dbf03a2d7037eb59ae03d3a2927f1d7ec805c69,medium
0x94a7516dc7de15bdbe4a41d3db2189aa9104caa0,0x9f28fe9a8230b29db65c68a92b09fd346549a068,0x7a1dad365ecc54def62d268b4d7d8398b46b62f4,medium
0x94a7516dc7de15bdbe4a41d3db2189aa9104caa0,0x71536fab050cc7ad46cd18dbf3f9fa89f29bf866,0x0542291f305eab31fd55b386e403fb3a762c48c7,high
0x94a7516dc7de15bdbe4a41d3db2189aa9104caa0,0x71536fab050cc7ad46cd18dbf3f9fa89f29bf866,0x3701edc4443ff78d57066d1806f318fd874f26ec,high
0x94a7516dc7de15bdbe4a41d3db2189aa9104caa0,0x71536fab050cc7ad46cd18dbf3f9fa89f29bf866,0x54be8f918a89571158d90468d8097bcaa1ce7ca1,high
0x94a7516dc7de15bdbe4a41d3db2189aa9104caa0,0x54be8f918a89571158d90468d8097bcaa1ce7ca1,0x71536fab050cc7ad46cd18dbf3f9fa89f29bf866,high
0x4be13bf2b983c31414b358c634bbb61230c332a7,0xe637f8baa78a209919ddfe30aecd035eb4d815bb,0xc3b5d80e4c094b17603ea8bb15d2d31ff5954aae,low
0xc5f2cf5c4c874c296281e2a73a2e44c9fba55741,0x1bc5ee65197c54106f9eb02e476191c6991dcffa,0xbeba74374e7cf9362fdedd0b9e2bc4a04549e4ad,low
0xc5f2cf5c4c874c296281e2a73a2e44c9fba55741,0x1bc5ee65197c54106f9eb02e476191c6991dcffa,0xeeb0fc8b10c2a9257135a0959d0d504cf78af6c4,low
0xc5f2cf5c4c874c296281e2a73a2e44c9fba55741,0x1bc5ee65197c54106f9eb02e476191c6991dcffa,0x3685f24d3437c9e5494b45e6645c5101345cc790,low
0xc5f2cf5c4c874c296281e2a73a2e44c9fba55741,0x20abe9d23a45ee360b42708ea7f4a4fed0cfabcc,0x34107ac950eba9568df26b6256953142792eb167,low
0xc5f2cf5c4c874c296281e2a73a2e44c9fba55741,0x20abe9d23a45ee360b42708ea7f4a4fed0cfabcc,0x3fb82fef405b14c6569dd07f0a673df79f0f1f44,low
0xc5f2cf5c4c874c296281e2a73a2e44c9fba55741,0x20abe9d23a45ee360b42708ea7f4a4fed0cfabcc,0x74e52410aede9a66d0b21eb8658bf27a15fbd421,low
0xc5f2cf5c4c874c296281e2a73a2e44c9fba55741,0x20abe9d23a45ee360b42708ea7f4a4fed0cfabcc,0x6fc853a8978017381e4bec0da7792f0b46453a8e,low
0xc5f2cf5c4c874c296281e2a73a2e44c9fba55741,0x20abe9d23a45ee360b42708ea7f4a4fed0cfabcc,0x34f394c902284d7722109f264923b38fe8471c39,low
0xc5f2cf5c4c874c296281e2a73a2e44c9fba55741,0x1bc5ee65197c54106f9eb02e476191c6991dcffa,0xae517e17844c09f2eedf382db0e7943c4c78c7f0,low
0xc5f2cf5c4c874c296281e2a73a2e44c9fba55741,0x1bc5ee65197c54106f9eb02e476191c6991dcffa,0x8a0eff819d7e197ee79ff3fef520fe56a2c36ca5,low
0xc5f2cf5c4c874c296281e2a73a2e44c9fba55741,0x1bc5ee65197c54106f9eb02e476191c6991dcffa,0x65112b0932c257b821217fcccb783c7e0c227ae0,low
0xc5f2cf5c4c874c296281e2a73a2e44c9fba55741,0x20abe9d23a45ee360b42708ea7f4a4fed0cfabcc,0x94c8422c2b2e45b3b2c69c6a556e32a37498431a,low
0xc5f2cf5c4c874c296281e2a73a2e44c9fba55741,0x1bc5ee65197c54106f9eb02e476191c6991dcffa,0x0ff7c2d2a935d31d354bf7ea7fdad39de0141a5a,low
0xc5f2cf5c4c874c296281e2a73a2e44c9fba55741,0x20abe9d23a45ee360b42708ea7f4a4fed0cfabcc,0x403dcec12484c0c1b6816025c80f45a6fdff1ac6,low
0xc5f2cf5c4c874c296281e2a73a2e44c9fba55741,0x1bc5ee65197c54106f9eb02e476191c6991dcffa,0xbcf89a96f131ad7587fbadc58f9fdb62d68147ad,high
0xc5f2cf5c4c874c296281e2a73a2e44c9fba55741,0x1bc5ee65197c54106f9eb02e476191c6991dcffa,0x20abe9d23a45ee360b42708ea7f4a4fed0cfabcc,high
0xc5f2cf5c4c874c296281e2a73a2e44c9fba55741,0x1bc5ee65197c54106f9eb02e476191c6991dcffa,0x21438c87e749920625dc3bd2742a3e879caf6c72,medium
0xc5f2cf5c4c874c296281e2a73a2e44c9fba55741,0x1bc5ee65197c54106f9eb02e476191c6991dcffa,0x51a5a8f2487ddd446672868d95347b7cbe041f8b,medium
0xc5f2cf5c4c874c296281e2a73a2e44c9fba55741,0x1bc5ee65197c54106f9eb02e476191c6991dcffa,0xeb74e0ef154f29d7ace73d72b88bf1f28137c733,medium
0xc5f2cf5c4c874c296281e2a73a2e44c9fba55741,0x1bc5ee65197c54106f9eb02e476191c6991dcffa,0xef3c692023ce020316c6be3a0479f87767ea31e7,medium
0xc5f2cf5c4c874c296281e2a73a2e44c9fba55741,0x1bc5ee65197c54106f9eb02e476191c6991dcffa,0x01f1d8744469da81dbb6b7d3e9811f10029365e7,medium
0xc5f2cf5c4c874c296281e2a73a2e44c9fba55741,0x1bc5ee65197c54106f9eb02e476191c6991dcffa,0x5d4c0a7f6888e80a86c8ee5d2660c216cfea1b51,low
0xc5f2cf5c4c874c296281e2a73a2e44c9fba55741,0x20abe9d23a45ee360b42708ea7f4a4fed0cfabcc,0x1bc5ee65197c54106f9eb02e476191c6991dcffa,high
0xaf7007d1bbe4c800e9f70bd2f447bbae92321a78,0xd0d89d8d009ae5602816a75b7b6ba8ed88a17b25,0x3625c9de8650fe2300050a02e535f045f2cc3138,high
0xaf7007d1bbe4c800e9f70bd2f447bbae92321a78,0xd0d89d8d009ae5602816a75b7b6ba8ed88a17b25,0x44b43d57c0700b0d36a225b0d79ad9079801d753,high
0xaf7007d1bbe4c800e9f70bd2f447bbae92321a78,0xd0d89d8d009ae5602816a75b7b6ba8ed88a17b25,0x6612dd5e15f06efd6bb31ea877bb6d00fdbb9215,high
0xaf7007d1bbe4c800e9f70bd2f447bbae92321a78,0xd0d89d8d009ae5602816a75b7b6ba8ed88a17b25,0x9a5c87aa68d2199f68ca0c5e77c1127957099e54,high
0xaf7007d1bbe4c800e9f70bd2f447bbae92321a78,0xf39b0f846f967895db4c31b6b62d2be3f5af8454,0xf8449e55e4c715923ca597e132e9d2a46821d099,high
0xaf7007d1bbe4c800e9f70bd2f447bbae92321a78,0x44b43d57c0700b0d36a225b0d79ad9079801d753,0xd0d89d8d009ae5602816a75b7b6ba8ed88a17b25,high
0xaf7007d1bbe4c800e9f70bd2f447bbae92321a78,0xf8449e55e4c715923ca597e132e9d2a46821d099,0xf39b0f846f967895db4c31b6b62d2be3f5af8454,high
0x6885ef891808dc88d948dc95904df2367ad99394,0x7ccc2813b1b9f54d8e20a6e9bfad7c1edee20990,0xe86eee439523e0d3b319c4c20f5318c0d20f18c7,high
0x6885ef891808dc88d948dc95904df2367ad99394,0xe86eee439523e0d3b319c4c20f5318c0d20f18c7,0x7ccc2813b1b9f54d8e20a6e9bfad7c1edee20990,high
0x050cb4382f8db87f3ed6bd1c041a1cd1ec027373,0x946b149152b3330e99945018582bef226aee12ed,0x7bfcf20d3c066ebcd9473355f58d14e3aaced0e0,high
0x050cb4382f8db87f3ed6bd1c041a1cd1ec027373,0x946b149152b3330e99945018582bef226aee12ed,0x16ab564dd90adbabf7fe7310a51bcd6c1d02bbcc,medium
0x050cb4382f8db87f3ed6bd1c041a1cd1ec027373,0x946b149152b3330e99945018582bef226aee12ed,0x0b1d955173623f5ad616ac7ba69ca174e912aab0,medium
0x050cb4382f8db87f3ed6bd1c041a1cd1ec027373,0x7bfcf20d3c066ebcd9473355f58d14e3aaced0e0,0x946b149152b3330e99945018582bef226aee12ed,high
0xa8e03d0e75fa9a0bba097266fc8e14284118e0ef,0x15bf96b00b0ccba940c56c54289167544180f7f9,0x6d5cad16885c0b94e4dbe5b21d35f1409e3c5355,low
0xa8e03d0e75fa9a0bba097266fc8e14284118e0ef,0x4b517c6bf3c461119a237bf8128bf402b0d2edfa,0x3d271913e8808c8f24db6af8a2af72f1028921aa,low
0xa8e03d0e75fa9a0bba097266fc8e14284118e0ef,0x15bf96b00b0ccba940c56c54289167544180f7f9,0x2ceb85a2402c94305526ab108e7597a102d6c175,low
0x0b2c21e25d2f2c676709149a6dd5508cf0fe30e5,0xf43e3aa57191abbda595396ffee1e5b50d92d955,0x6c61fe68ed47bcb6b6ec1b9dc6fd49e393e713be,low
0x681452d95caef97a88d25a452dc1bc2b62d7f134,0x21990ad00f49bdc70c9ef6628a598158bbf30755,0x59d30ad8f2f89c7de454e67b79fbd45861404c9a,high
0x681452d95caef97a88d25a452dc1bc2b62d7f134,0x0a824949a864b6219ee6a51dd6a0ac42d6e2207f,0xec9416466030c18b6e778a9e21d9b562c66df681,medium
0x681452d95caef97a88d25a452dc1bc2b62d7f134,0xec9416466030c18b6e778a9e21d9b562c66df681,0x0a824949a864b6219ee6a51dd6a0ac42d6e2207f,medium
0x4c19596f5aaff459fa38b0f7ed92f11ae6543784,0xacedb4eb28eedc7fc05583abe829b7e19a17e50d,0x2a0e32995b0d0ea63c46d3ed378c210111b47a11,high
0x4c19596f5aaff459fa38b0f7ed92f11ae6543784,0x4b4e1f67c7298d242555eb35d8e5016f0c4f6df4,0x095527f5bea113e9575b662c5ba01d990a280f2f,high
0x4c19596f5aaff459fa38b0f7ed92f11ae6543784,0x4b4e1f67c7298d242555eb35d8e5016f0c4f6df4,0x6b43055a996ecbeb43b7458401f12655240dceb5,low
0x4c19596f5aaff459fa38b0f7ed92f11ae6543784,0x4b4e1f67c7298d242555eb35d8e5016f0c4f6df4,0x4ba82d44e1c35d3c911b3f5579f39abeaf744cce,low
0x4c19596f5aaff459fa38b0f7ed92f11ae6543784,0x4b4e1f67c7298d242555eb35d8e5016f0c4f6df4,0xc174ab88b346a838cd4ef50e3d4999de91176285,low
0x4c19596f5aaff459fa38b0f7ed92f11ae6543784,0x4b4e1f67c7298d242555eb35d8e5016f0c4f6df4,0x5eae6fad6232c7a51dc7358f1a7131da34fc8903,low
0xb208cdf8e1c319d0019397dcec8e0ba3fb9a149f,0xeb4d1fa1ea305f33e266ad3b484d57c3f7cd31d8,0x7dc82dd033d50d5dce6c0ccefab02eaee76aa557,medium
0xb208cdf8e1c319d0019397dcec8e0ba3fb9a149f,0xeb4d1fa1ea305f33e266ad3b484d57c3f7cd31d8,0x95f7015e9e11baa947329f2ad24ef437a4b11099,low
0xb208cdf8e1c319d0019397dcec8e0ba3fb9a149f,0xeb4d1fa1ea305f33e266ad3b484d57c3f7cd31d8,0x2bb0af04d6e24012b5adfc64b753bf3df8c8eb69,low
0xb208cdf8e1c319d0019397dcec8e0ba3fb9a149f,0xeb4d1fa1ea305f33e266ad3b484d57c3f7cd31d8,0xd4cb284ce171ecf70a3452172adda684f077c15e,low
0xb208cdf8e1c319d0019397dcec8e0ba3fb9a149f,0x7dc82dd033d50d5dce6c0ccefab02eaee76aa557,0xeb4d1fa1ea305f33e266ad3b484d57c3f7cd31d8,medium
0xb208cdf8e1c319d0019397dcec8e0ba3fb9a149f,0x2bb0af04d6e24012b5adfc64b753bf3df8c8eb69,0xb242a404ec04e1d39f417f9599b289a263cb0b93,low
0xa17ac5559a24744f41562468c16fc4ab5b6bf238,0x6ba7b13ceb1b66036d974a4889693dc13d62d491,0xb2f63b9649e17bc477f278d97a2cb64893b1bcfd,low
0x9afeaf5dc858ff411048cb5107587fb657876cee,0x83cfa28297d528638a90dd0668e36b4f15c29817,0x19dc7110411cc191387cb3ef44ee8b21b9f31982,medium
0x9afeaf5dc858ff411048cb5107587fb657876cee,0x19dc7110411cc191387cb3ef44ee8b21b9f31982,0x0fb42287af82bbc9f6532bbd0af3aeb92ea2a616,medium
0x9afeaf5dc858ff411048cb5107587fb657876cee,0x19dc7110411cc191387cb3ef44ee8b21b9f31982,0x48341a28016ebbab15ae3e194d06ba7e0ea8f130,low
0x9afeaf5dc858ff411048cb5107587fb657876cee,0x19dc7110411cc191387cb3ef44ee8b21b9f31982,0x73e94e21e3e2c34c21afd20da861e7fc833c786e,low
0xf18acc02628009231d7baaf9a7a24c0860dda6cb,0x864251739e944743102babdb1bf6ce385264e4fa,0xa7dcd8569a18299f19dd8a3bb21725a4c61e9f70,medium
0xf18acc02628009231d7baaf9a7a24c0860dda6cb,0x953b335124fc4dc81916d3423c0130daefad6108,0x606285b3fe057fef83b23a56132b37d66f8740a2,medium
0xf18acc02628009231d7baaf9a7a24c0860dda6cb,0xba5e9729c72c59044cf2cd6466da3b864e2ed83d,0x864251739e944743102babdb1bf6ce385264e4fa,medium
0xf45f42d63383911c937f64cda4b7a52e8eccf07d,0x52fa1db1f0a594a8355f08176e78911c3387a79f,0x904f2757d2cb7e525631c4b022cac7947cc3a185,low
0xf45f42d63383911c937f64cda4b7a52e8eccf07d,0x904f2757d2cb7e525631c4b022cac7947cc3a185,0x52fa1db1f0a594a8355f08176e78911c3387a79f,low
0x60af76465c372768b72e0fc9b43c61780bd54163,0x56c6f48e10c0234de00a9b284052889f0998829d,0x7264e785a2bc716afd439e49f570791a4f7ed66e,medium
0x60af76465c372768b72e0fc9b43c61780bd54163,0x56c6f48e10c0234de00a9b284052889f0998829d,0x573f18f925a64118ce8eac46a5a94d50cbb154aa,medium
0x60af76465c372768b72e0fc9b43c61780bd54163,0x56c6f48e10c0234de00a9b284052889f0998829d,0x413246da2c84be56fd6cbca03f60f9ae4d8449c7,low
0x54242275f4823a851aabb94a896d1d71c89224c5,0x36b865597ec05cc2f6f617566be614dd60220de6,0x6358ce4a4df9beff64a8d7bc975649c75a8ea3d0,low
0x54242275f4823a851aabb94a896d1d71c89224c5,0x6358ce4a4df9beff64a8d7bc975649c75a8ea3d0,0x36b865597ec05cc2f6f617566be614dd60220de6,low
0x9e760d89751345a6c8c09eda98ef296bca90eed8,0x15bb8bef9771ea7f8c18ae5baf84b0f5aa57ccdc,0x9fa850e93981ca4c551ba67395d4ba56b4c98a8f,medium
0x9e760d89751345a6c8c09eda98ef296bca90eed8,0x9fa850e93981ca4c551ba67395d4ba56b4c98a8f,0x15bb8bef9771ea7f8c18ae5baf84b0f5aa57ccdc,medium
0x420538c33b4b390b9521b0d9a04ce9bdfed87933,0x31095b0f43c7dfea96746073b56668773652d00e,0x19e47770bb574d486ee83c55ce5f947b150da010,low
0x420538c33b4b390b9521b0d9a04ce9bdfed87933,0x19e47770bb574d486ee83c55ce5f947b150da010,0x2ae1b27a4e097471d016237fb09e125ee7176df7,low
0x420538c33b4b390b9521b0d9a04ce9bdfed87933,0x19e47770bb574d486ee83c55ce5f947b150da010,0x48904f30c6a1bd4ecc60f25514a9b6d2072521e4,low
0x420538c33b4b390b9521b0d9a04ce9bdfed87933,0x52445a0c601b094c31987643c2b9eb1320d9057b,0x5e6746cb80b7ab35f066e3ea473040ed6279db31,high
0x420538c33b4b390b9521b0d9a04ce9bdfed87933,0x52445a0c601b094c31987643c2b9eb1320d9057b,0x31095b0f43c7dfea96746073b56668773652d00e,low
0x420538c33b4b390b9521b0d9a04ce9bdfed87933,0x5e6746cb80b7ab35f066e3ea473040ed6279db31,0x52445a0c601b094c31987643c2b9eb1320d9057b,high
0xd00de8ce9ea7a0e5573cc6bc6f97cb0c293cb16e,0x20636d3afd13bd5dc56df883373a2b4fcd0ff1ef,0xfb4216a514d702d68b0ea83dba5fd2f0f2466a41,low
0x4fd7caef21b1a9a07d734491fb937997e8c3d7b0,0xec2df7def9bd7e4e8dd4a35117116527a2bb7f73,0x726916f2525ff98d96ea18e95ad238402247a5c5,medium
0x4fd7caef21b1a9a07d734491fb937997e8c3d7b0,0xec2df7def9bd7e4e8dd4a35117116527a2bb7f73,0x916d671843b1098ad3562c2bb2dcd6487d44fb18,low
0x4fd7caef21b1a9a07d734491fb937997e8c3d7b0,0x726916f2525ff98d96ea18e95ad238402247a5c5,0xec2df7def9bd7e4e8dd4a35117116527a2bb7f73,medium
0x530608409991c36ba922b69623bec57e22b8d331,0xbed784644373ffe43893772b4e3ebacbeaa6a3f1,0x1cbcf4201ab19a6233d909b29502bea26973ceb4,low
0x530608409991c36ba922b69623bec57e22b8d331,0xbed784644373ffe43893772b4e3ebacbeaa6a3f1,0x1aaf19e9f19ecf82d250ed01e13a7d5256835abd,low
0x530608409991c36ba922b69623bec57e22b8d331,0xe0f87322c2542e6c39fa126a70fd7f09edd72545,0x12a015e9b3418d2e33d963ee1f1a955fd717103b,medium
0x530608409991c36ba922b69623bec57e22b8d331,0xe0f87322c2542e6c39fa126a70fd7f09edd72545,0xc567b6164ea86608d238138a8b187db0103e1b8c,medium
0x530608409991c36ba922b69623bec57e22b8d331,0xe0f87322c2542e6c39fa126a70fd7f09edd72545,0x07db92206264432170fccdfd165a5549d097d3a2,low
0x530608409991c36ba922b69623bec57e22b8d331,0x07db92206264432170fccdfd165a5549d097d3a2,0xe0f87322c2542e6c39fa126a70fd7f09edd72545,low
0x530608409991c36ba922b69623bec57e22b8d331,0x1cbcf4201ab19a6233d909b29502bea26973ceb4,0x31ff961a6765e05f8d12d571757ef54214ba0501,medium
0x530608409991c36ba922b69623bec57e22b8d331,0x1cbcf4201ab19a6233d909b29502bea26973ceb4,0xbed784644373ffe43893772b4e3ebacbeaa6a3f1,low
0x7776a240a26ef90fb11f76005aa7c4b6755e68c3,0xd647f35c57f482166f1bcf4b1f7b721ed048920e,0xedb9b9bc535684287899182683fe3152919734a9,high
0x7776a240a26ef90fb11f76005aa7c4b6755e68c3,0xedb9b9bc535684287899182683fe3152919734a9,0xd647f35c57f482166f1bcf4b1f7b721ed048920e,high
0x590d0fc2096f0bb063d7033fe97f6c1c512ba2b2,0xa1070f58463b0da0bdcf2520c64fe40ebf474e2b,0x8f4bc1cd0692d29a080cc523d555a2e380696283,high
0x590d0fc2096f0bb063d7033fe97f6c1c512ba2b2,0xa1070f58463b0da0bdcf2520c64fe40ebf474e2b,0x5b72c2c9c1d65930adfe6bf935943fe81ea37761,low
0x590d0fc2096f0bb063d7033fe97f6c1c512ba2b2,0x5b72c2c9c1d65930adfe6bf935943fe81ea37761,0xa1070f58463b0da0bdcf2520c64fe40ebf474e2b,low
0x0ce9884b5d395655f5db697598fd95d0dc19e776,0x5d988b3e0ee69bbfbc9e9bf2a829872d47e994c8,0xc79e3b6aab785492c976c71b4cf235b57b39c376,high
0x0ce9884b5d395655f5db697598fd95d0dc19e776,0x5d988b3e0ee69bbfbc9e9bf2a829872d47e994c8,0x3d6a1d4ba67f9bbafde47fb0c90f0f99b7b915e9,low
0x0ce9884b5d395655f5db697598fd95d0dc19e776,0xc79e3b6aab785492c976c71b4cf235b57b39c376,0x5d988b3e0ee69bbfbc9e9bf2a829872d47e994c8,high
0xde79d36ab6d2489dd36729a657a25f299cb2fbca,0x7f7c8904ef50bb2e1ffb85ef2040c492596af076,0x4794387af607b5eb8d65d0ad044d60033c2f1196,high
0xde79d36ab6d2489dd36729a657a25f299cb2fbca,0x7f7c8904ef50bb2e1ffb85ef2040c492596af076,0xdb6c303f57b9a5cbe085f6f6a27a43753be1c9b7,medium
0xde79d36ab6d2489dd36729a657a25f299cb2fbca,0x7f7c8904ef50bb2e1ffb85ef2040c492596af076,0x41e803439b9694072a8e63e8bd090371b6e30f23,low
0xde79d36ab6d2489dd36729a657a25f299cb2fbca,0x7f7c8904ef50bb2e1ffb85ef2040c492596af076,0xe53a78e8744568904741d5d0139fad45b1df104b,low
0x5cde6ee3b2d47b576501d9f498d9d22f01c3fac8,0xfa4f77c412201faf5848f9fa59201039b6716fde,0xbcb2d19737095e061e8f29e88590337ced4a1eee,low
0x5cde6ee3b2d47b576501d9f498d9d22f01c3fac8,0xd9b5b4b254daef611daa6665786e9a129672c642,0xb76ea97c1b084cf11f0ca218de40dfd8751f72a7,medium
0x81d5c9a273d3b28f2297d20a9c4e75cd50b32f2b,0x0e0d4f3be984b00e3d1ccfd1a8645ec6e1309512,0x657cb4ffba17c7b106acc8476be79230efc17687,high
0x81d5c9a273d3b28f2297d20a9c4e75cd50b32f2b,0xabd3255402cdc3e6d8e74bcdca5497c9858dce02,0xf9d042cf5ef4d8fa630136bc46de0608fcf4c649,low
0x81d5c9a273d3b28f2297d20a9c4e75cd50b32f2b,0xabd3255402cdc3e6d8e74bcdca5497c9858dce02,0xf322d79762a3603042da5d2d48e3a57bf4634d36,low
0x81d5c9a273d3b28f2297d20a9c4e75cd50b32f2b,0xf9d042cf5ef4d8fa630136bc46de0608fcf4c649,0xabd3255402cdc3e6d8e74bcdca5497c9858dce02,low
0x81d5c9a273d3b28f2297d20a9c4e75cd50b32f2b,0x657cb4ffba17c7b106acc8476be79230efc17687,0x0e0d4f3be984b00e3d1ccfd1a8645ec6e1309512,high
0xbe1d820489feb6692722041d9f784263a857fe7a,0x5bfe46a07ce43644e590ad50d1cd0edd23951538,0x953d0a4eac8bcea44d8c2a761944ef15eda67d77,high
0xbe1d820489feb6692722041d9f784263a857fe7a,0x5bfe46a07ce43644e590ad50d1cd0edd23951538,0xb5934069e26ad44ca014aac83ade0b46b97c80d0,low
0xbe1d820489feb6692722041d9f784263a857fe7a,0xb5934069e26ad44ca014aac83ade0b46b97c80d0,0x5bfe46a07ce43644e590ad50d1cd0edd23951538,low
0x863dd8ea9b7472c54cde1f0e2d5b2bcc8cbf0cd1,0x6e0f736a2a0b81e7d8b7d6ac3608ac977341ba4f,0xf1afa2f0abae3da08e5d181ea2e5d7481ce3b481,high
0x863dd8ea9b7472c54cde1f0e2d5b2bcc8cbf0cd1,0x6e0f736a2a0b81e7d8b7d6ac3608ac977341ba4f,0x84a5a8c504ec7f9add6771459c5dfc8475138c33,high
0x863dd8ea9b7472c54cde1f0e2d5b2bcc8cbf0cd1,0xf1afa2f0abae3da08e5d181ea2e5d7481ce3b481,0x6e0f736a2a0b81e7d8b7d6ac3608ac977341ba4f,high
0xfd66fb512dbc2dfa49377cfe1168eafc4ea6aa5d,0x1d74408fc603b9b130535d7cf2009b6809e042ff,0x1ae3c2651ae6fe7463b0c1b73a2b5855d34cafa2,low
0xfd66fb512dbc2dfa49377cfe1168eafc4ea6aa5d,0x5ccafe74b0271ac80573044d1450e2b836f839fd,0x879f2ad840e3f920b16982e55455d0905ddf164e,medium
0xfd66fb512dbc2dfa49377cfe1168eafc4ea6aa5d,0x5ccafe74b0271ac80573044d1450e2b836f839fd,0x1d74408fc603b9b130535d7cf2009b6809e042ff,low
0x89109d3c2fe1e56ee3c83a442883b12c3042bd62,0xc87de851d6a7f7f8ea0cafcd0fe4e30a7739ca17,0xeaba0cace99ff954c2a5e53c092bdd5f6ff16e77,medium
0x89109d3c2fe1e56ee3c83a442883b12c3042bd62,0xeaba0cace99ff954c2a5e53c092bdd5f6ff16e77,0xc87de851d6a7f7f8ea0cafcd0fe4e30a7739ca17,medium
0x9d84a96e8234d757c079ee9daafb0834a298a329,0x425d27fae9b47e18278b746675002bca8d94e2f0,0xcf0f043049e3d53f6350060fc5d69afb80aa9112,low
0x9d84a96e8234d757c079ee9daafb0834a298a329,0xcf0f043049e3d53f6350060fc5d69afb80aa9112,0x425d27fae9b47e18278b746675002bca8d94e2f0,low
0x9d84a96e8234d757c079ee9daafb0834a298a329,0xcf0f043049e3d53f6350060fc5d69afb80aa9112,0x45ef97f7995f7250bad0d1dc745d17cc5f508734,medium
0x040007b1804ad78a97f541bebed377dcb60e4138,0x8582f510817731be46e6a8380cf4eeffc05aa5f1,0xe34f957e42a3a2b5f8a64ee367851a088bd1426a,low
0x19ac8e582a9e6f059e56ce77015c46e250c711d2,0xf706fd21cd2c643eea18fdafd819baa7f4cff2ee,0xe6615c44bc3cc90839ad6f729eeeabd2aaf6f9a6,medium
0xbf515ff38d55737c56d62e8b6a8eea322ec38aa5,0x822768cdc89a784a8d9304c08ba4604451284cf3,0xb7dbfc820dffa04c94138678c7f4a25f8452a38b,medium
0x5568df89af6bc835b876fdc3b2d44ef63530e419,0x8e1fe752e51b05b9fe6ee95d8907695e0f3e2ecd,0x6981263d090734f2bd2708d1be30db5594bde400,high
0x5568df89af6bc835b876fdc3b2d44ef63530e419,0x8e1fe752e51b05b9fe6ee95d8907695e0f3e2ecd,0x08db418a5234337d76c78ccf630658d4e328fc69,medium
0x5568df89af6bc835b876fdc3b2d44ef63530e419,0x8e1fe752e51b05b9fe6ee95d8907695e0f3e2ecd,0xc164a56a17f86485ec41a6b0a783cc7522a39b06,medium
0x5568df89af6bc835b876fdc3b2d44ef63530e419,0x8e1fe752e51b05b9fe6ee95d8907695e0f3e2ecd,0xc8c2e1547298e09e5f18e4cdea4a271fdadab971,medium
0x5568df89af6bc835b876fdc3b2d44ef63530e419,0x6981263d090734f2bd2708d1be30db5594bde400,0x8e1fe752e51b05b9fe6ee95d8907695e0f3e2ecd,high
0x0cfb5d82be2b949e8fa73a656df91821e2ad99fd,0x38d94ed57bede53b6ba5d36a17c816f91aec9d67,0xc05abd5b036728eb8d70f991f89b7815e71e517f,medium
0x0cfb5d82be2b949e8fa73a656df91821e2ad99fd,0xc05abd5b036728eb8d70f991f89b7815e71e517f,0xa0217f66ad72a34471d578383c59df76ba6174d3,low
0x0cfb5d82be2b949e8fa73a656df91821e2ad99fd,0xc05abd5b036728eb8d70f991f89b7815e71e517f,0xbc08f10880a55e5836dafeaa655692447320c479,low
0x46262af08d6b795efb08b4a6e486208f889e0c60,0xa43ec934b33d79b0e2d7b8916db7794f074c1c2a,0x5a6f7ef7384c5da809d5ce126aba9d4538d852d7,high
0x9369a3e299c306e88c1c2ab56dd865d55b35b7d0,0x291c80d4aa0b6ed9e6b59c82121b359999efd4b7,0x56a50f1c4b4362aeff1d9c3c1e24562a0d833488,medium
0x9369a3e299c306e88c1c2ab56dd865d55b35b7d0,0x291c80d4aa0b6ed9e6b59c82121b359999efd4b7,0xc25782a3dfc6130ad5ec5c297541e1f3e8aa0225,medium
0x6d82f1895bdae7b6fea3c57f44fc281abb6bb649,0xf8a9b89e29ceb504f33c83a24b9d0cb312677788,0x1795c86d5e52eef689981f89d3276c70a3e61149,low
0x6d82f1895bdae7b6fea3c57f44fc281abb6bb649,0x44ebfaf325961eea4e1ef7969a327893c796513a,0xc723122f3809a89c2cdb17be89b4ac851352c400,low
0x06879a9126095901cf81c2884adbd2b65ac8e845,0xb07050fd0dd0e0bee9a93d8920b282afd766e445,0xa32f273b32d8143f384e63c4398ab76be59b4243,high
0x06879a9126095901cf81c2884adbd2b65ac8e845,0xb07050fd0dd0e0bee9a93d8920b282afd766e445,0x132cad6f6047a43a601a6b8344765f5ee7b082a7,high
0x06879a9126095901cf81c2884adbd2b65ac8e845,0xa32f273b32d8143f384e63c4398ab76be59b4243,0xb07050fd0dd0e0bee9a93d8920b282afd766e445,high
0x06879a9126095901cf81c2884adbd2b65ac8e845,0x21a154281f95a88dfd8bec1c67b6c64b1f1b81c0,0x883e9e332f915a99aa2d32753434da0f984e8487,medium
0x06879a9126095901cf81c2884adbd2b65ac8e845,0x883e9e332f915a99aa2d32753434da0f984e8487,0x76009ff0ca6ebc85e79ed2573fba261b6285a127,medium
0x06879a9126095901cf81c2884adbd2b65ac8e845,0x883e9e332f915a99aa2d32753434da0f984e8487,0x21a154281f95a88dfd8bec1c67b6c64b1f1b81c0,medium
0xea06689fe99a7d1becf5e61198db0519e73a5138,0x2d3de9c442879ad74eaf390fd182e8c1a657a6c8,0x6edc2904d1079d4f49fffcdc14bf2e9aa6a02f5e,medium
0xea06689fe99a7d1becf5e61198db0519e73a5138,0x2d3de9c442879ad74eaf390fd182e8c1a657a6c8,0x0c80423c253ccffec28c7e7d96c81ebea3c2c569,low
0xea06689fe99a7d1becf5e61198db0519e73a5138,0x2d3de9c442879ad74eaf390fd182e8c1a657a6c8,0x7028d3b1b34388e23e63e32d5f9f87ccb92aca1b,low
0xea06689fe99a7d1becf5e61198db0519e73a5138,0x7028d3b1b34388e23e63e32d5f9f87ccb92aca1b,0x2d3de9c442879ad74eaf390fd182e8c1a657a6c8,low
0xea06689fe99a7d1becf5e61198db0519e73a5138,0x2d3de9c442879ad74eaf390fd182e8c1a657a6c8,0xc2a9d8daa3a9c22fcaefeaa35938d8638471479d,low
0xea06689fe99a7d1becf5e61198db0519e73a5138,0x2d3de9c442879ad74eaf390fd182e8c1a657a6c8,0x3ccac19a3603c782b49fd94338c3ccfe8fc69767,low
0x68f9a6cc10d200ba7863f876028a5b811c60692a,0x61c39f195ac193952f8068128aade8381d20915e,0x23a0e57620c875cb3f1eddcb7f8fafbf2a466d83,high
0x68f9a6cc10d200ba7863f876028a5b811c60692a,0x61c39f195ac193952f8068128aade8381d20915e,0x054ae03c9cbe14b3c8c6ffc44a5bac9117e30bc7,high
0x68f9a6cc10d200ba7863f876028a5b811c60692a,0xaa15f3babc9f94aabe732b6e6c2c2ec5367cfd71,0x61c39f195ac193952f8068128aade8381d20915e,high
0x8b4334d4812c530574bd4f2763fcd22de94a969b,0xf663f4b30dd18546cb71a607b7a89a36e92a244c,0xf31d02071c70b9a54748358b03999719676f2651,medium
0x8b4334d4812c530574bd4f2763fcd22de94a969b,0xf31d02071c70b9a54748358b03999719676f2651,0xf663f4b30dd18546cb71a607b7a89a36e92a244c,medium
0x44aabade8f7fc7cd5cedc71f218abab5454ba811,0x761d921252f9e407d8f7abd3e910877bc9725f0a,0x7a37fdd63d16c2d869825bf8b9f2e483bd81ea7e,high
0x44aabade8f7fc7cd5cedc71f218abab5454ba811,0x761d921252f9e407d8f7abd3e910877bc9725f0a,0xb883f041c0fe3992197ff051644a507c6896c718,low
0x44aabade8f7fc7cd5cedc71f218abab5454ba811,0x7a37fdd63d16c2d869825bf8b9f2e483bd81ea7e,0x9f67f0dd79b74d267c008562aea779a8c09be4fb,low
0x44aabade8f7fc7cd5cedc71f218abab5454ba811,0x7a37fdd63d16c2d869825bf8b9f2e483bd81ea7e,0x761d921252f9e407d8f7abd3e910877bc9725f0a,high
0x44aabade8f7fc7cd5cedc71f218abab5454ba811,0x761d921252f9e407d8f7abd3e910877bc9725f0a,0xb8d677c7cf9b63d224bf75e5ea49a26cd50d0968,low
0xb27ce651349288f9f10e4b3eec538c17ea7d37c9,0xbf4f7a30035c5295a1f0230311c78504b0f04799,0x797712d8c1b3f8af9220f4557f84b0772c412f5b,medium
0xb27ce651349288f9f10e4b3eec538c17ea7d37c9,0xbf4f7a30035c5295a1f0230311c78504b0f04799,0x4386f8571b9b223fd64a26eace0481bb084dfd10,low
0xb27ce651349288f9f10e4b3eec538c17ea7d37c9,0xbf4f7a30035c5295a1f0230311c78504b0f04799,0x689127ac2668476b941826e4cdfc7037e5c5d2f2,low
0xb27ce651349288f9f10e4b3eec538c17ea7d37c9,0x797712d8c1b3f8af9220f4557f84b0772c412f5b,0xbf4f7a30035c5295a1f0230311c78504b0f04799,medium
0xdd2a08a1c1a28c1a571e098914ca10f2877d9c97,0xcfba78aecfbcc0b4b748fa58c530d4675bb5d32f,0x8c63d8e608ff702a92d5908730c91457b0447ad7,low
0xdd2a08a1c1a28c1a571e098914ca10f2877d9c97,0x3c294fcf74129d649325f8995afc2f9cfafab9da,0x26d8ba776a067c5928841985bce342f75bae7e82,high
0xdd2a08a1c1a28c1a571e098914ca10f2877d9c97,0xcfba78aecfbcc0b4b748fa58c530d4675bb5d32f,0xcac49516e6e1c79a62bd67e4d87f7e0d80858258,low
0xdd2a08a1c1a28c1a571e098914ca10f2877d9c97,0xcfba78aecfbcc0b4b748fa58c530d4675bb5d32f,0xa01d4d1fe18a34902ac2e4045a5e8f553dde9685,low
0xdd2a08a1c1a28c1a571e098914ca10f2877d9c97,0x8c63d8e608ff702a92d5908730c91457b0447ad7,0x2fefbef4d1445f523941c56349c2414cd5e9675d,low
0xdd2a08a1c1a28c1a571e098914ca10f2877d9c97,0x8c63d8e608ff702a92d5908730c91457b0447ad7,0x4fb117dcd6d09abf1a99b502d488a99f5a17e7ec,low
0xdd2a08a1c1a28c1a571e098914ca10f2877d9c97,0x8c63d8e608ff702a92d5908730c91457b0447ad7,0xcfba78aecfbcc0b4b748fa58c530d4675bb5d32f,low
0xdd2a08a1c1a28c1a571e098914ca10f2877d9c97,0x26d8ba776a067c5928841985bce342f75bae7e82,0x3c294fcf74129d649325f8995afc2f9cfafab9da,high
0xdd2a08a1c1a28c1a571e098914ca10f2877d9c97,0x26d8ba776a067c5928841985bce342f75bae7e82,0xcc2e3d2dc1fd6ce145e1124868fda5b2a0592cc5,low
0x7b00ae36c7485b678fe945c2dd9349eb5baf7b6b,0x0ba64224c056532a880bdcc8ab035715bcf70a0b,0x62cb4195bbfe6467ac262b573479040c20c83733,high
0x7b00ae36c7485b678fe945c2dd9349eb5baf7b6b,0x62cb4195bbfe6467ac262b573479040c20c83733,0x0ba64224c056532a880bdcc8ab035715bcf70a0b,high
0x5029c236320b8f15ef0a657054b84d90bfbeded3,0x587277e9bfbf067ba229164d019061e87c0f81fb,0xc5e86098f7943b16e03ed262fffc1823181236ef,high
0x5029c236320b8f15ef0a657054b84d90bfbeded3,0xc5e86098f7943b16e03ed262fffc1823181236ef,0x587277e9bfbf067ba229164d019061e87c0f81fb,high
0xaec5f0d463fe18c9380115dea6caddbc0ea69648,0x35043dae29355af325a2b4df2dab4207a85ac60e,0xb60d7586f893629d5cca92d8c6d30af237f9e30b,high
0xaec5f0d463fe18c9380115dea6caddbc0ea69648,0xb60d7586f893629d5cca92d8c6d30af237f9e30b,0x35043dae29355af325a2b4df2dab4207a85ac60e,high
0x8d26e57009cbfbc7e251fbf5092697d31049b297,0x1837bb50fc66a002a69322f614ae0e63aa8ec966,0x7433d3a2c5d4537f449ef42c741b97c342e7e655,high
0x8d26e57009cbfbc7e251fbf5092697d31049b297,0x7433d3a2c5d4537f449ef42c741b97c342e7e655,0x1837bb50fc66a002a69322f614ae0e63aa8ec966,high
0xec981587604e4f87be73b2c159272d5e39d9dfd5,0xa68af37c76299c96fa91e8e8f082033f79f38265,0xabda3c4c47d58d4d9937760294a3830be7d85db5,high
0xec981587604e4f87be73b2c159272d5e39d9dfd5,0xa68af37c76299c96fa91e8e8f082033f79f38265,0x7330ed7ba2b296a096c0e27a6e47faf9eb91f720,high
0xec981587604e4f87be73b2c159272d5e39d9dfd5,0xabda3c4c47d58d4d9937760294a3830be7d85db5,0xa68af37c76299c96fa91e8e8f082033f79f38265,high
0x957e8903c5ab8636f09a91492e417e5012e59de6,0x062a2536f7de6d5bda5ec1b67a3d39f7d995330c,0x18d329797bf4466dbabe503ed40104266341f078,low
0x333815b7b20ac00a96f5923bd4486ab75ae8888d,0xb878d77d9985fa3a66e9f3c74144f6bb25584b32,0x86c6f5465eca77dc9ce9f61ac1d4eeb1b9f4c0e5,high
0x333815b7b20ac00a96f5923bd4486ab75ae8888d,0x86c6f5465eca77dc9ce9f61ac1d4eeb1b9f4c0e5,0xb878d77d9985fa3a66e9f3c74144f6bb25584b32,high
0x2ba1497d31c7d972bbc3203bcfa23d44e75b6eeb,0x3f7a5ca5f201b9e58d91567d63d9c86ac205c23c,0xbfd7a992a37cd4ead61cded8a32fafb533a691e7,medium
0x2ba1497d31c7d972bbc3203bcfa23d44e75b6eeb,0x3f7a5ca5f201b9e58d91567d63d9c86ac205c23c,0x992de6c2e4240e0aa6eb7a7cf3c5781cd7ee2486,low
0x2ba1497d31c7d972bbc3203bcfa23d44e75b6eeb,0xbfd7a992a37cd4ead61cded8a32fafb533a691e7,0x3f7a5ca5f201b9e58d91567d63d9c86ac205c23c,medium
0x747d492841a6a35e9c393707837cfd3b3260a245,0xc1960eaaaa21375ac778da6ae86aa446bb8cbffc,0xc4ab7e0b48fe1b0b10ab12a214694ad20c390902,high
0x747d492841a6a35e9c393707837cfd3b3260a245,0xab1e56782be94936f13672af7fe45edea21bc3a0,0x0f9c2efaa70922a5b4d25f85a5c6d13bcf7a319e,medium
0x747d492841a6a35e9c393707837cfd3b3260a245,0xc4ab7e0b48fe1b0b10ab12a214694ad20c390902,0xc1960eaaaa21375ac778da6ae86aa446bb8cbffc,high
0xac86b0d995a2ba4058860eaf0c0230895b8daa07,0x9997fde74acb0c191cdc7fcdc72255d3a3f7f179,0xa7c45ba4476949a2bc8a7318f62bb12fdd5e88c0,high
0xe1a287f1752968a7940d9e546193c7ac0d2bd72f,0x44849c1c0e95be9c333f64e22efe208861c4d222,0x9c37b5ec20dcc05cb770da3b884da8142f533244,high
0xe1a287f1752968a7940d9e546193c7ac0d2bd72f,0x44849c1c0e95be9c333f64e22efe208861c4d222,0x51bdb3ecb3a44d60b942edb24870e3bed337e7bb,medium
0xe1a287f1752968a7940d9e546193c7ac0d2bd72f,0x44849c1c0e95be9c333f64e22efe208861c4d222,0xfe692cca43a176fed73d84e7f2019c3779dd2320,medium
0xe1a287f1752968a7940d9e546193c7ac0d2bd72f,0x44849c1c0e95be9c333f64e22efe208861c4d222,0x61afac2aa60732e0f763bb1c2256d947f1b928f0,medium
0xe1a287f1752968a7940d9e546193c7ac0d2bd72f,0xfe692cca43a176fed73d84e7f2019c3779dd2320,0x44849c1c0e95be9c333f64e22efe208861c4d222,medium
0x3dfdec068cee0acb75417181ed55bc4ca5c6e8c4,0x561f111419e61583d85c42b48d02cb072ec164de,0x269081c519c270a5e57f06e22c1c9e050d395d8e,high
0x3dfdec068cee0acb75417181ed55bc4ca5c6e8c4,0x269081c519c270a5e57f06e22c1c9e050d395d8e,0x561f111419e61583d85c42b48d02cb072ec164de,high
0x6b734f7af5ac3be7ee4605b0b07e08dfbe8ba19e,0xf9124e7aa91df1cddcf61a5f43bc6e1f9afb050b,0x0997216ac6b6807bfbdced0dd3b3b96462f5a86e,low
0x6b734f7af5ac3be7ee4605b0b07e08dfbe8ba19e,0x0997216ac6b6807bfbdced0dd3b3b96462f5a86e,0xf5829395608f18407b18c5618c5f80c8954b4aa9,medium
0x6b734f7af5ac3be7ee4605b0b07e08dfbe8ba19e,0x61cdc7f49743faee09822ff9a2a1853189e1783e,0xf9124e7aa91df1cddcf61a5f43bc6e1f9afb050b,high
0x6b734f7af5ac3be7ee4605b0b07e08dfbe8ba19e,0x0997216ac6b6807bfbdced0dd3b3b96462f5a86e,0x61cdc7f49743faee09822ff9a2a1853189e1783e,low
0xf807b78bd0eb3d78fb868e152b937a77f4fbad30,0x9a83238dc1b47e58705dbc7ab42ddfaac3a4e2ec,0x53fbd93f0e0ab9b23f7545120ac0a0f1a944c725,medium
0xf807b78bd0eb3d78fb868e152b937a77f4fbad30,0x53fbd93f0e0ab9b23f7545120ac0a0f1a944c725,0x9a83238dc1b47e58705dbc7ab42ddfaac3a4e2ec,medium
0x706645b33fae8d7733edc976bf811c8d95b15d28,0xd003170637a769c6d54df115bf9c885099a84b14,0x1c8d439aa16adeeaf19641584fbbaa557af5ed25,high
0x706645b33fae8d7733edc976bf811c8d95b15d28,0x1c8d439aa16adeeaf19641584fbbaa557af5ed25,0xd003170637a769c6d54df115bf9c885099a84b14,high
0x33bbfc91cd7ef404f02036b295020acc0300089e,0x8d5d8f53c1b95a9459bbbac4119d030cea517426,0x44f63315577da86564129c182a10f07023ab3235,medium
0x87baa3e048528d21302fb15acd09a4e5cb5098cb,0xd26bbef34c7ff772f36d2cbf80d79a73be6ffc41,0x3b58b5b812d9dcb620d36e7112cb238f1ea14511,high
0x87baa3e048528d21302fb15acd09a4e5cb5098cb,0xd26bbef34c7ff772f36d2cbf80d79a73be6ffc41,0x989ff414df9ca4357d372e317bf5f977993112e6,high
0x87baa3e048528d21302fb15acd09a4e5cb5098cb,0xd26bbef34c7ff772f36d2cbf80d79a73be6ffc41,0x0833799677181d1d909d30e92dd8ccc5ab950561,medium
0x87baa3e048528d21302fb15acd09a4e5cb5098cb,0xd26bbef34c7ff772f36d2cbf80d79a73be6ffc41,0x28b2fa1b9bb92821ed6920a14f86a228eff516f3,low
0x87baa3e048528d21302fb15acd09a4e5cb5098cb,0xd26bbef34c7ff772f36d2cbf80d79a73be6ffc41,0x24affdc1e5fbf0ba0c2ea692ea263d6c3e6aae58,low
0x87baa3e048528d21302fb15acd09a4e5cb5098cb,0xd26bbef34c7ff772f36d2cbf80d79a73be6ffc41,0x9450a9609f9de568f2991db62889212d6f4c7c93,low
0x87baa3e048528d21302fb15acd09a4e5cb5098cb,0xce11f061a456e0b52d5d79def119198d85e8ead8,0xd26bbef34c7ff772f36d2cbf80d79a73be6ffc41,medium
0xc8bb4f23dc1700882292c65507e75cefbde4c5d9,0x9b66c53f01ec18673f1b2be3c0a91a298fa31b4f,0x86563f0fc58aed63b69c6c74428cd72e7304cb69,low
0x23bf44d3c8c82e41d0efaaa9fdc66466c1dd5f6c,0x738740709df25d19d3a0af5c8784b3d186489148,0x1a0a086a6ecc74dd0ba1ac82e5fc60003155e632,medium
0x23bf44d3c8c82e41d0efaaa9fdc66466c1dd5f6c,0x738740709df25d19d3a0af5c8784b3d186489148,0x145e28ece033f84219ded22266d7d1c409aa53a0,low
0x23bf44d3c8c82e41d0efaaa9fdc66466c1dd5f6c,0x41659e5b20880b3bd10685ee3f74b887a5ac6b82,0x738740709df25d19d3a0af5c8784b3d186489148,medium
0x728ada0e6ba318ddeae4ff5936a22b068192c3e4,0x2539cced6746cdbff8bd8d87875e83f743c3cb5a,0xb32600a6af155aeaa2767e2c07c59e556e2b7326,low
0xd55e2fa850b706608067896da9cc11944370f154,0x02e19a066d2b03454119de5ab3bf021e5be25391,0x1b39b961b697b7582af98385a910dcfd7db261ab,low
0x3e92baf90f03a0df688edcef04b02cb7ab806982,0x1fa1b8d94b922e3c9821f66363a75237c36096af,0x0413a7ccc50b3c4fea967aaa9cc4233e224f94af,medium
0x3e92baf90f03a0df688edcef04b02cb7ab806982,0x1fa1b8d94b922e3c9821f66363a75237c36096af,0xfd5ec4a9fd0975e00b1554790d6f15d42352bda5,low
0x8c0c88b15c76ea17d47e3df61a37d761b3bbb9f0,0xf2d9cc7829ffa3e0961b0d9760de0e4baace88ff,0xdfb091651622f0cce236824209edb7e84f3564ea,low
0x8c0c88b15c76ea17d47e3df61a37d761b3bbb9f0,0xdfb091651622f0cce236824209edb7e84f3564ea,0xb5d26971b7ee2366bd0f28e4662922df7e4d4658,medium
0x8c0c88b15c76ea17d47e3df61a37d761b3bbb9f0,0x972aa39ac9d9284c1b2ee123c522bcc3978e867b,0xb0b824a025c6cce906b099ec7d02088d2da6edac,medium
0x8c0c88b15c76ea17d47e3df61a37d761b3bbb9f0,0xb5d26971b7ee2366bd0f28e4662922df7e4d4658,0xf2d9cc7829ffa3e0961b0d9760de0e4baace88ff,low
0x3ef241d9ae02f2253d8a1bf0b35d68eab9925b40,0x6e8ddddf0e9a6149c8e8752379d59a994bee6f51,0x28fcbca67d84af0d6c384c9b24ea27d10b359d99,high
0x3ef241d9ae02f2253d8a1bf0b35d68eab9925b40,0x6e8ddddf0e9a6149c8e8752379d59a994bee6f51,0x94e92b32adf955494606b0119fd8a0d6f607de7f,medium
0x3ef241d9ae02f2253d8a1bf0b35d68eab9925b40,0x28fcbca67d84af0d6c384c9b24ea27d10b359d99,0x6e8ddddf0e9a6149c8e8752379d59a994bee6f51,high
0x871770e3e03bfaefa3597056e540a1a9c9ac7f6b,0xf2c33b7c6d6ca3896c9bf22cbba05922dfb416fc,0x35fb958109b70799a8f9bc2a8b1ee4cc62034193,medium
0x871770e3e03bfaefa3597056e540a1a9c9ac7f6b,0xf2c33b7c6d6ca3896c9bf22cbba05922dfb416fc,0x4a38a69bee8456b0fc8d403ec472fd05a5160385,low
0x871770e3e03bfaefa3597056e540a1a9c9ac7f6b,0xf2c33b7c6d6ca3896c9bf22cbba05922dfb416fc,0x78b23686e18f13dd4fdeaebe634adb88baf03278,low
0x871770e3e03bfaefa3597056e540a1a9c9ac7f6b,0x3e19ccc39ad471149aa03df033bd9f5a01adcdd0,0x034579d52ef374939b1a4d8edbb1d70915ad199f,medium
0x871770e3e03bfaefa3597056e540a1a9c9ac7f6b,0x35fb958109b70799a8f9bc2a8b1ee4cc62034193,0xf2c33b7c6d6ca3896c9bf22cbba05922dfb416fc,medium
0x871770e3e03bfaefa3597056e540a1a9c9ac7f6b,0x879b3ec536272e442d12e5f50932f191292d8255,0x9bfe25566775c86183c25ae53f1c09dd2c3f16f6,low
0x871770e3e03bfaefa3597056e540a1a9c9ac7f6b,0x20271b001ead859b674b8cccf165e8b6b9d07afd,0x879b3ec536272e442d12e5f50932f191292d8255,low
0x871770e3e03bfaefa3597056e540a1a9c9ac7f6b,0x9bfe25566775c86183c25ae53f1c09dd2c3f16f6,0x588dc358ecf7b6063636993c6f13bb300e7b771f,low
0x871770e3e03bfaefa3597056e540a1a9c9ac7f6b,0xff7545dec1a42b225b8f3a25bdfeb7b813d9520e,0x851bf5940ff334e9e5e6e240ca3f78057e287377,high
0x871770e3e03bfaefa3597056e540a1a9c9ac7f6b,0x851bf5940ff334e9e5e6e240ca3f78057e287377,0xff7545dec1a42b225b8f3a25bdfeb7b813d9520e,high
0x49b8a0893b83a171d7d461198b69a0b1bb4dd0ed,0x2446b411a95630f719ef8c78f195ecdaf3fd5e94,0xb7f49a45758dc0cf419f6e1eb330be0b0a879c05,low
0x49b8a0893b83a171d7d461198b69a0b1bb4dd0ed,0x39946ff7f4a0fe32f5b7cdcfc66c53c3d0360866,0x92bb714fad1017e15de5e4e3120d78505bf00f30,medium
0x7d2b4a6b8edb624f9e57e44b69d0efd49dd1a1aa,0x32833803fb72a76a239b8aeaa0f243986b2f6195,0xa9c3db462799cd4b44251a6b9362818685b3e6ef,high
0x7d2b4a6b8edb624f9e57e44b69d0efd49dd1a1aa,0x32833803fb72a76a239b8aeaa0f243986b2f6195,0xa405f47ae2863c8eaac577634ee9f58e83722896,medium
0x7d2b4a6b8edb624f9e57e44b69d0efd49dd1a1aa,0x32833803fb72a76a239b8aeaa0f243986b2f6195,0xc690f9a2b1a9045a4727fd8dee5d7a58b6700071,medium
0x6a288e6d3f40ba0e019b61488f4ece5cae5fd13d,0x52c23493d1bef71860b415d811c7be5d4b752913,0xc7adadb4d9299d574855de7c78e2ad858272fd32,low
0x6a288e6d3f40ba0e019b61488f4ece5cae5fd13d,0x52c23493d1bef71860b415d811c7be5d4b752913,0xee4ec25d10f8c5be3da724029f6b68ba186429b9,low
0x6a288e6d3f40ba0e019b61488f4ece5cae5fd13d,0xee4ec25d10f8c5be3da724029f6b68ba186429b9,0x52c23493d1bef71860b415d811c7be5d4b752913,low
0x283fc1f740ae265c9860f0f832363bdd82becdcd,0x1fffce0e448a685d3c3dcc757e811f4fe3c70da3,0x284c2bed39bfd462ce65edd2d86725849a953bb4,high
0x1703fea13672dfe8899e44c21f7e0b626550d08d,0x965060fd4bd2dd8568d206bedf3ddb76628d3456,0x70e8748414cf88446ec726d3a78aabfcac92df2c,low
0x1703fea13672dfe8899e44c21f7e0b626550d08d,0xdc903082ff552ba326ea8278d24376674817e05b,0xea93aa3a756bd731d724636e598e3f4fe7ff814d,high
0x1703fea13672dfe8899e44c21f7e0b626550d08d,0xdc903082ff552ba326ea8278d24376674817e05b,0x9dd68b6fdb0cf28e7a27aa04d68acaf9a7434ee8,medium
0x1703fea13672dfe8899e44c21f7e0b626550d08d,0xdc903082ff552ba326ea8278d24376674817e05b,0x1b836c9e935121dc2f6d0b296fce353ff01299ac,medium
0x1703fea13672dfe8899e44c21f7e0b626550d08d,0xdc903082ff552ba326ea8278d24376674817e05b,0xce8148f02e0c78628d7260d1eaf1b66f81da23d6,medium
0x1703fea13672dfe8899e44c21f7e0b626550d08d,0xdc903082ff552ba326ea8278d24376674817e05b,0x29a88c78c0d52536e487edbf4c0e6a2501b0ac61,low
0x1703fea13672dfe8899e44c21f7e0b626550d08d,0xdc903082ff552ba326ea8278d24376674817e05b,0x6d8b36e5b75686b1ba634bc5de1a8904231f4c52,low
0x8fb5a7894ab461a59acdfab8918335768e411414,0xc26b78663f2c6900c3aa9ef3d3ee5bfb0d087934,0xeb445c800da2fc81b12391d59426d86f4bebea0a,high
0x8fb5a7894ab461a59acdfab8918335768e411414,0xc26b78663f2c6900c3aa9ef3d3ee5bfb0d087934,0x49fd0e347e04cc27f255c97e849edd2749e8eff6,medium
0x8fb5a7894ab461a59acdfab8918335768e411414,0x49fd0e347e04cc27f255c97e849edd2749e8eff6,0xc26b78663f2c6900c3aa9ef3d3ee5bfb0d087934,medium
0x5b8df3131d65beb140a2700f06b78f99d0918697,0x7824948612d5f6d3dbc54d1c1173715b997403a1,0x4c5057d1cc3642e9c3ac644133d88a20127fbd67,medium
0x5b8df3131d65beb140a2700f06b78f99d0918697,0x4c5057d1cc3642e9c3ac644133d88a20127fbd67,0x01dbae7936d466d11775f3888d659db069d28de4,medium
0x5b8df3131d65beb140a2700f06b78f99d0918697,0x4c5057d1cc3642e9c3ac644133d88a20127fbd67,0x7824948612d5f6d3dbc54d1c1173715b997403a1,medium
0x34618270647971a3203579380b61de79ecc474d1,0x8cd1c754d637365718fce7cf5da4d8ca94736a60,0x9b808a9b99d0b8d29821def3079be91d6265b0b0,medium
0x42aca9af9c74a60f578527b058a86df27f15ae60,0xd53ce38f76a6717b395195f078b49d7704acdb0f,0xc5ad746d900a62561b88e022cef786507d2a0573,medium
0x42aca9af9c74a60f578527b058a86df27f15ae60,0xd53ce38f76a6717b395195f078b49d7704acdb0f,0xed059f184f8524818ac2091ccc8d2bf08a9505f2,low
0x42aca9af9c74a60f578527b058a86df27f15ae60,0xd53ce38f76a6717b395195f078b49d7704acdb0f,0xac1df6398869241717e35ca102d10903e760e843,low
0x42aca9af9c74a60f578527b058a86df27f15ae60,0x169db6f2e6856e92aa80bac0a34dc02fd826b029,0x1e7175de71dc093b9e1ddd1cd96a1e9220f41a9b,medium
0x42aca9af9c74a60f578527b058a86df27f15ae60,0xed059f184f8524818ac2091ccc8d2bf08a9505f2,0xd53ce38f76a6717b395195f078b49d7704acdb0f,low
0x42aca9af9c74a60f578527b058a86df27f15ae60,0xed059f184f8524818ac2091ccc8d2bf08a9505f2,0xeb20234bb1778102d9b20b1bcb63e141ac349c8c,medium
0xbc3b75931e827307b6e89682673a00e3502ec4ab,0x7d89e8530051f87e639ee899d0b300e755d5c4ba,0xeaa1f9538b99e01ac5aa3fbb76da5a5a97e4a47b,medium
0xbc3b75931e827307b6e89682673a00e3502ec4ab,0x7d89e8530051f87e639ee899d0b300e755d5c4ba,0xeed7a195833a7ec8ee0ac577e3e6f815db5fbe84,medium
0xbc3b75931e827307b6e89682673a00e3502ec4ab,0x7d89e8530051f87e639ee899d0b300e755d5c4ba,0x148c34d109778e8a8fbc1d030eb7724386cca7e1,medium
0xbc3b75931e827307b6e89682673a00e3502ec4ab,0x7d89e8530051f87e639ee899d0b300e755d5c4ba,0x62e269cfd1951498d93db8be9003c3f454a126f9,medium
0xbc3b75931e827307b6e89682673a00e3502ec4ab,0x7d89e8530051f87e639ee899d0b300e755d5c4ba,0x4c10491e9d1c309dcffb06ad2a074137ceb7487b,medium
0xbc3b75931e827307b6e89682673a00e3502ec4ab,0x7d89e8530051f87e639ee899d0b300e755d5c4ba,0x466c7561504092bf18cac995f6a12ec344bfc482,low
0xbc3b75931e827307b6e89682673a00e3502ec4ab,0x7d89e8530051f87e639ee899d0b300e755d5c4ba,0x89f15525107e4e8c98c382b86a310a6fcd039b83,low
0xbc3b75931e827307b6e89682673a00e3502ec4ab,0xeed7a195833a7ec8ee0ac577e3e6f815db5fbe84,0x7d89e8530051f87e639ee899d0b300e755d5c4ba,medium
0x7cd13e50783b88f18a05fd508d983f46622bf606,0x8126f3c04a116414c1a2d480174b10c88793f8b4,0xf4c19ad823546d57f32385afff3dca78e1c9c6a7,medium
0x7cd13e50783b88f18a05fd508d983f46622bf606,0xf4c19ad823546d57f32385afff3dca78e1c9c6a7,0x8126f3c04a116414c1a2d480174b10c88793f8b4,medium
0x8ebcf08939c0165d5ce0199ad0b3e914ea0ecd37,0x454cc34b5fa7c3d24b795cc576fb8261b10b4d21,0x6927f668feca20b6e8e1a235f5cb683716ce66bb,high
0x8ebcf08939c0165d5ce0199ad0b3e914ea0ecd37,0x8052cccc713cc9883afb1a9d863fe165e08dff01,0x423632872d34244502a3798e91b6ab3c7e94e2db,high
0x3206a055d7d2854aaa7ed8f25f6ab4ff3bf101cb,0xde0318369550d2588be5c13a7212830795f13e2f,0x4b99fee2d7af644ab1ee08fd9d028b8c5eb41807,high
0x3206a055d7d2854aaa7ed8f25f6ab4ff3bf101cb,0x4b99fee2d7af644ab1ee08fd9d028b8c5eb41807,0xde0318369550d2588be5c13a7212830795f13e2f,high
0xdb36f7c430cb1e9ff8642a8ede0df8953441e7b5,0xccf753f74544b32014da7a23502987a91a965079,0x119be063909dcd9b780cfc447bd659e02a9f30ec,medium
0xdb36f7c430cb1e9ff8642a8ede0df8953441e7b5,0xc2ecf0725bc40504ef240c62046cca52b5080016,0xf3aab6a3d1bd3b42a360803de5a0919b62ad6919,medium
0xdb36f7c430cb1e9ff8642a8ede0df8953441e7b5,0x119be063909dcd9b780cfc447bd659e02a9f30ec,0xccf753f74544b32014da7a23502987a91a965079,medium
0x6890ef6760af73cb21c063e3e1744832cf113d39,0xbcbf893891a3e041c27a014f220c39cc11d0a4ff,0x9a238c48ccc36de9695387a062de0085e19c20e5,high
0x6890ef6760af73cb21c063e3e1744832cf113d39,0xbcbf893891a3e041c27a014f220c39cc11d0a4ff,0xd8cf76ad3799ddf4739bc3aa57e10023b3ae34ad,high
0x6890ef6760af73cb21c063e3e1744832cf113d39,0xbcbf893891a3e041c27a014f220c39cc11d0a4ff,0x32806752e9e1aa06677cfd843fe6e5ba56d2789d,high
0x6890ef6760af73cb21c063e3e1744832cf113d39,0xbcbf893891a3e041c27a014f220c39cc11d0a4ff,0x16a396a1f587731a915dc1718cf5c661597d3b7e,medium
0x6890ef6760af73cb21c063e3e1744832cf113d39,0xbcbf893891a3e041c27a014f220c39cc11d0a4ff,0x1130a65772ececfbaf7b35339ab2dd172a4697ea,medium
0x6890ef6760af73cb21c063e3e1744832cf113d39,0xbcbf893891a3e041c27a014f220c39cc11d0a4ff,0x310d1325d8410e572f0d7f9e117c3fbb558b8300,medium
0x6890ef6760af73cb21c063e3e1744832cf113d39,0xbcbf893891a3e041c27a014f220c39cc11d0a4ff,0x32f80ed513e9bf7a96d9df5a0a558860c4b84f45,medium
0x6890ef6760af73cb21c063e3e1744832cf113d39,0xbcbf893891a3e041c27a014f220c39cc11d0a4ff,0xb8945097cbc07fbca6281a05e916b5e0d992439f,medium
0x6890ef6760af73cb21c063e3e1744832cf113d39,0xbcbf893891a3e041c27a014f220c39cc11d0a4ff,0x69981ef1106f7b7c08bb12bb9dedea9ae6ed29ee,medium
0x6890ef6760af73cb21c063e3e1744832cf113d39,0xbcbf893891a3e041c27a014f220c39cc11d0a4ff,0x41636d75e7a4b283d255178a31137e76888e787d,low
0x6890ef6760af73cb21c063e3e1744832cf113d39,0xbcbf893891a3e041c27a014f220c39cc11d0a4ff,0xe5850fd9d604d5064e77f9111441d0132a799202,low
0x6890ef6760af73cb21c063e3e1744832cf113d39,0xbcbf893891a3e041c27a014f220c39cc11d0a4ff,0x50011ba91948c198ba6e298cc703f03cb66734e4,low
0x6890ef6760af73cb21c063e3e1744832cf113d39,0xbcbf893891a3e041c27a014f220c39cc11d0a4ff,0xcf1b3e822ed8c2474c08c3da0455edf735926eec,low
0x6890ef6760af73cb21c063e3e1744832cf113d39,0xbcbf893891a3e041c27a014f220c39cc11d0a4ff,0xd2ac5ebc2bc61db64dae34dcb277b60df41899d1,low
0x6890ef6760af73cb21c063e3e1744832cf113d39,0xbcbf893891a3e041c27a014f220c39cc11d0a4ff,0x6a6c3bdbbc05061b5d1fae1e79fb78ae0a9c680d,low
0x6890ef6760af73cb21c063e3e1744832cf113d39,0xbcbf893891a3e041c27a014f220c39cc11d0a4ff,0xee20f83693838c862984723b161aaca4eb3163d1,low
0x6890ef6760af73cb21c063e3e1744832cf113d39,0xbcbf893891a3e041c27a014f220c39cc11d0a4ff,0x92f5e5987d526c5181ce2d0562165064e87902cc,low
0x6890ef6760af73cb21c063e3e1744832cf113d39,0xbcbf893891a3e041c27a014f220c39cc11d0a4ff,0x48e4dd0ebc7ca1eda9924ac9ff3539211cdaf9da,low
0x6890ef6760af73cb21c063e3e1744832cf113d39,0x32f80ed513e9bf7a96d9df5a0a558860c4b84f45,0xbcbf893891a3e041c27a014f220c39cc11d0a4ff,medium
0x4f89214a1eec1171772c2fbb71019da9a24ff61a,0x4ebe2c0a1fb99d2de933d76050ac034ff2da1877,0xc51dee5dddadbaf8554af319e1c2c48b6dc46671,medium
0x4f89214a1eec1171772c2fbb71019da9a24ff61a,0xc51dee5dddadbaf8554af319e1c2c48b6dc46671,0x4ebe2c0a1fb99d2de933d76050ac034ff2da1877,medium
0xd71b94f49481d301e94055f6446290079fed0093,0x54d7696f4c7cc528e710cedc890564ced33b3de5,0x63525ceb0c44f66cfe2fddedc990eab7132faf80,high
0xd71b94f49481d301e94055f6446290079fed0093,0x54d7696f4c7cc528e710cedc890564ced33b3de5,0x132aae31a8f5dc352a635e46c986c7d8182930b4,medium
0xd71b94f49481d301e94055f6446290079fed0093,0x63525ceb0c44f66cfe2fddedc990eab7132faf80,0x54d7696f4c7cc528e710cedc890564ced33b3de5,high
0xd71b94f49481d301e94055f6446290079fed0093,0x54d7696f4c7cc528e710cedc890564ced33b3de5,0x529e20048b7bb67e147c7be11644eb768a543b42,low
0x0e4e05f5a6892328800b595c4d9d830b2fbaaef3,0xa0195287106290b8573b8c105142eeea940aea01,0x361faa33722f3d44d39b2de2d5c7363858f51098,high
0xe1f5c6fd86628e299955a84f44e2dfca47aaaaa4,0x8099df55b14898d00daee938d6131678bda1d34e,0x068d8c19cf10bc4a69f6c4a9ae9a48f6e251f3ed,low
0xe1f5c6fd86628e299955a84f44e2dfca47aaaaa4,0xe341194fa8bda19b1e2d580f4463e8784534d70e,0x529291de26bdd2e5a0b54fd4c764d1a394fb141b,high
0xe1f5c6fd86628e299955a84f44e2dfca47aaaaa4,0xe341194fa8bda19b1e2d580f4463e8784534d70e,0x18c210013ea6cbe99b2dacdc9cfcb6e07458f0ca,high
0xe1f5c6fd86628e299955a84f44e2dfca47aaaaa4,0x068d8c19cf10bc4a69f6c4a9ae9a48f6e251f3ed,0x8099df55b14898d00daee938d6131678bda1d34e,low
0xe1f5c6fd86628e299955a84f44e2dfca47aaaaa4,0xa2e9434c0437ef896705d295fad867f234b7fe55,0x823b56c714449e25bf68ec66fd30925cf7588e52,high
0xe1f5c6fd86628e299955a84f44e2dfca47aaaaa4,0xa2e9434c0437ef896705d295fad867f234b7fe55,0xe36bd5fc482b3017d0485c1a99ee3695f41982c1,medium
0xe1f5c6fd86628e299955a84f44e2dfca47aaaaa4,0xa2e9434c0437ef896705d295fad867f234b7fe55,0x6108f963512eb5632499aa78f39a24fe66b29de0,medium
0xe1f5c6fd86628e299955a84f44e2dfca47aaaaa4,0x529291de26bdd2e5a0b54fd4c764d1a394fb141b,0xe341194fa8bda19b1e2d580f4463e8784534d70e,high
0xe1f5c6fd86628e299955a84f44e2dfca47aaaaa4,0x823b56c714449e25bf68ec66fd30925cf7588e52,0xa2e9434c0437ef896705d295fad867f234b7fe55,high
0xe1f5c6fd86628e299955a84f44e2dfca47aaaaa4,0x823b56c714449e25bf68ec66fd30925cf7588e52,0x5e2b3a8b13acd0d5068c40618a4d56de32518f36,low
0xe1f5c6fd86628e299955a84f44e2dfca47aaaaa4,0x907cfab561d4963016a77e8b72b74b400e36c4e4,0xb597b44bd057d3648baf9f9d059d9d9f218b9c96,high
0xe1f5c6fd86628e299955a84f44e2dfca47aaaaa4,0xb597b44bd057d3648baf9f9d059d9d9f218b9c96,0x907cfab561d4963016a77e8b72b74b400e36c4e4,high
0x81ce0a3dbf309fdcf6df1b28d327add9e81caeea,0x2c9ad991a9cb036fa568f60ee699acd2fabbc781,0xb60123d62915af96365122b70f5c4c861cd3e686,low
0x42e61987a5cba002880b3cc5c800952a5804a1c5,0xb84f707b3d713ff40b61e960fd8c1a7b23e834b7,0xb0614eb51025a98fb13ef498a041b9ff3251b351,medium
0x42e61987a5cba002880b3cc5c800952a5804a1c5,0xb84f707b3d713ff40b61e960fd8c1a7b23e834b7,0xd657686a1ce41720c4b29e13ea1d6cee1b4025b5,medium
0x0dab4c7016d394b67f966c2ed3549c67d6d0a1b5,0x41f77eb9c021425bbe65206343524e8006d1c753,0x71841bd50822c35e928e63bc14381b2cda8249a6,medium
0xda6a796099645a5fa3d0006fb70bf20b649f7959,0x5b17f73f1904467a1344fa6b2ce753971e807f82,0xdc7784b8366753c3ccb1e860a15f84fad290ec7f,high
0xda6a796099645a5fa3d0006fb70bf20b649f7959,0x5b17f73f1904467a1344fa6b2ce753971e807f82,0xacbc7e3b1e9d032ec5c046c45c7fd9355f8b8431,low
0xda6a796099645a5fa3d0006fb70bf20b649f7959,0xdc7784b8366753c3ccb1e860a15f84fad290ec7f,0x5b17f73f1904467a1344fa6b2ce753971e807f82,high
0x38edf06693bd804528480674559f0fe4463b5366,0x4c844d7f3558be2458885ec8d160060d187c014a,0x1098dde92b7b69f16557adf0ea69d39df23799a7,medium
0x99cfdf48d0ba4885a73786148a2f89d86c702170,0x03fa83d1cff019eee2ea1e12e2b8c4f2abcdd709,0x02b9e7da7312dceec02be3c09058b2584889b1b3,low
0xba4eee20f434bc3908a0b18da496348657133a7e,0xe522b300071b43d31965a2fc7a70d78783b6ce94,0x0302f75047aa0935052275e77d15c40bee7b63b2,low
0xba4eee20f434bc3908a0b18da496348657133a7e,0xe522b300071b43d31965a2fc7a70d78783b6ce94,0x09de35fbbd04e347368f65997a88121e3acfa232,low
0xba4eee20f434bc3908a0b18da496348657133a7e,0xe522b300071b43d31965a2fc7a70d78783b6ce94,0x140dca39e274397acaf3fd955af31400091a1c49,low
0xba4eee20f434bc3908a0b18da496348657133a7e,0xe522b300071b43d31965a2fc7a70d78783b6ce94,0x153db97d1adbda7ff6dda87e002544e0f5747cb2,low
0xba4eee20f434bc3908a0b18da496348657133a7e,0xe522b300071b43d31965a2fc7a70d78783b6ce94,0x174da672c3b8c45619910fd22b8df57111ea128b,low
0xba4eee20f434bc3908a0b18da496348657133a7e,0xe522b300071b43d31965a2fc7a70d78783b6ce94,0x1f3473b2369dbbead23d4ba7327013eb6a1082ed,low
0xba4eee20f434bc3908a0b18da496348657133a7e,0xe522b300071b43d31965a2fc7a70d78783b6ce94,0x216cef65bd8eac33fb08a42032913aad26c7a1e1,low
0xba4eee20f434bc3908a0b18da496348657133a7e,0xe522b300071b43d31965a2fc7a70d78783b6ce94,0x21ea8bbf6c5badea97367f7f5dc0773da2b4621d,low
0xba4eee20f434bc3908a0b18da496348657133a7e,0xe522b300071b43d31965a2fc7a70d78783b6ce94,0x273e9a126ec9609f4d82f27d9e2a29b70225d087,low
0xba4eee20f434bc3908a0b18da496348657133a7e,0xe522b300071b43d31965a2fc7a70d78783b6ce94,0x2f76a1dfafc7dd90060bc3f04a9c698ccff29f49,low
0xba4eee20f434bc3908a0b18da496348657133a7e,0xe522b300071b43d31965a2fc7a70d78783b6ce94,0x333c5c6e88fc0ad8c9523be2aa5c29345977bf92,low
0xba4eee20f434bc3908a0b18da496348657133a7e,0xe522b300071b43d31965a2fc7a70d78783b6ce94,0x4e1adfd70cb9fbbe78e3a0d7f3d995cdc31abe02,low
0xba4eee20f434bc3908a0b18da496348657133a7e,0xe522b300071b43d31965a2fc7a70d78783b6ce94,0x4f113098d798e7444255c0d0be7c64a1508fd0ba,low
0xba4eee20f434bc3908a0b18da496348657133a7e,0xe522b300071b43d31965a2fc7a70d78783b6ce94,0x59fbb80184cec833981d0940044bb59a69e5e7cd,low
0xba4eee20f434bc3908a0b18da496348657133a7e,0xe522b300071b43d31965a2fc7a70d78783b6ce94,0x5a6d5344b786d96fe4237f8fe75e11e4b6f2fbd9,low
0xba4eee20f434bc3908a0b18da496348657133a7e,0xe522b300071b43d31965a2fc7a70d78783b6ce94,0x5adc091c463291a425763c5c225a8dd04a10ac42,low
0xba4eee20f434bc3908a0b18da496348657133a7e,0xe522b300071b43d31965a2fc7a70d78783b6ce94,0x5c6a76a0217d41a5f7c4132b042b0b2cdfd488cf,low
0xba4eee20f434bc3908a0b18da496348657133a7e,0xe522b300071b43d31965a2fc7a70d78783b6ce94,0x5e0f9be7bccbcf500fa1a586a8781a44a35a3e32,low
0xba4eee20f434bc3908a0b18da496348657133a7e,0xe522b300071b43d31965a2fc7a70d78783b6ce94,0x6a9a903c82f662d07497cd066b134e000b1f06a6,low
0xba4eee20f434bc3908a0b18da496348657133a7e,0xe522b300071b43d31965a2fc7a70d78783b6ce94,0x6cba14acf33de1e581774e7b6b33dd1810a3d956,low
0xba4eee20f434bc3908a0b18da496348657133a7e,0xe522b300071b43d31965a2fc7a70d78783b6ce94,0x6ed13b9bdfea976d6e9e1d509f4eb1abb84c584c,low
0xba4eee20f434bc3908a0b18da496348657133a7e,0xe522b300071b43d31965a2fc7a70d78783b6ce94,0x7a06b23e138f2cc2a5ccec7e0648f589fbc8cede,low
0xba4eee20f434bc3908a0b18da496348657133a7e,0xe522b300071b43d31965a2fc7a70d78783b6ce94,0x839fd7873702c2cc238dc87338ff3cbf4ee33d66,low
0xba4eee20f434bc3908a0b18da496348657133a7e,0xe522b300071b43d31965a2fc7a70d78783b6ce94,0x8aa593464d906512372ddb2a5719f2ecbec49a56,low
0xba4eee20f434bc3908a0b18da496348657133a7e,0xe522b300071b43d31965a2fc7a70d78783b6ce94,0x93a70c645c70307ca47bad645706c9d9aa429cf2,low
0xba4eee20f434bc3908a0b18da496348657133a7e,0xe522b300071b43d31965a2fc7a70d78783b6ce94,0x9977936a421f9b06c81afc0ccf1988b92decb31f,low
0xba4eee20f434bc3908a0b18da496348657133a7e,0xe522b300071b43d31965a2fc7a70d78783b6ce94,0x9b1ab202831417076e4d8a4e1650b8bc4eecd0c0,low
0xba4eee20f434bc3908a0b18da496348657133a7e,0xe522b300071b43d31965a2fc7a70d78783b6ce94,0x9cc1277bb9b9335f7299d03a86bd80f6f28ec3b0,low
0xba4eee20f434bc3908a0b18da496348657133a7e,0xe522b300071b43d31965a2fc7a70d78783b6ce94,0x9dda29c60a2739ef92cd4b3a27f3ba4ccd245c16,low
0xba4eee20f434bc3908a0b18da496348657133a7e,0xe522b300071b43d31965a2fc7a70d78783b6ce94,0x9f99e8821813e043a2ded641a3d130cbba3e0c66,low
0xba4eee20f434bc3908a0b18da496348657133a7e,0xe522b300071b43d31965a2fc7a70d78783b6ce94,0xa7675ec8b81639caa8a6bd61138d8a45aed297bb,low
0xba4eee20f434bc3908a0b18da496348657133a7e,0xe522b300071b43d31965a2fc7a70d78783b6ce94,0xa8e1b76426ac2b1b93502b30b92445d504d5e9da,low
0xba4eee20f434bc3908a0b18da496348657133a7e,0xe522b300071b43d31965a2fc7a70d78783b6ce94,0xad8a0432b0d78189adae17b535f1e9e110920aa2,low
0xba4eee20f434bc3908a0b18da496348657133a7e,0xe522b300071b43d31965a2fc7a70d78783b6ce94,0xbe48fb5d4d1cf72f77685b943a291c7293490164,low
0xba4eee20f434bc3908a0b18da496348657133a7e,0xe522b300071b43d31965a2fc7a70d78783b6ce94,0xc2391b7307c783d3c8c93de55c6ea3f7e94f075c,low
0xba4eee20f434bc3908a0b18da496348657133a7e,0xe522b300071b43d31965a2fc7a70d78783b6ce94,0xc6441cb2d7620c92b636be864c35da068f73d157,low
0xba4eee20f434bc3908a0b18da496348657133a7e,0xe522b300071b43d31965a2fc7a70d78783b6ce94,0xcc3eb61737b3161438ab859d1d0dd1a1138c30ab,low
0xba4eee20f434bc3908a0b18da496348657133a7e,0xe522b300071b43d31965a2fc7a70d78783b6ce94,0xcfffbd937a2b03808a5582b550e9f8f151a463ab,low
0xba4eee20f434bc3908a0b18da496348657133a7e,0xe522b300071b43d31965a2fc7a70d78783b6ce94,0xd6acca55ec6adf37b114a5fa10414d290c7c773f,low
0xba4eee20f434bc3908a0b18da496348657133a7e,0xe522b300071b43d31965a2fc7a70d78783b6ce94,0xe05685cd4b6b3f120ee7539c6c44647caa413ab8,low
0xba4eee20f434bc3908a0b18da496348657133a7e,0xe522b300071b43d31965a2fc7a70d78783b6ce94,0xe711a0489deae50340e9950fa14072ab40a75d95,low
0xba4eee20f434bc3908a0b18da496348657133a7e,0xe522b300071b43d31965a2fc7a70d78783b6ce94,0xe7ef4a761f195c5c6e9574d874b6a82d9caa6423,low
0xba4eee20f434bc3908a0b18da496348657133a7e,0xe522b300071b43d31965a2fc7a70d78783b6ce94,0xef0d1247f9fb0148a85bb342eb8b98b56ba338d3,low
0xba4eee20f434bc3908a0b18da496348657133a7e,0xe522b300071b43d31965a2fc7a70d78783b6ce94,0xef98e4cad451f55178e3af2fca79e67b9d4c587b,low
0xba4eee20f434bc3908a0b18da496348657133a7e,0xe522b300071b43d31965a2fc7a70d78783b6ce94,0xf12de004d643a8e942267a1f0a1933ec4168312e,low
0xba4eee20f434bc3908a0b18da496348657133a7e,0xe522b300071b43d31965a2fc7a70d78783b6ce94,0xf1b86628c060603d213d23076df06abbf86a2b6f,low
0xba4eee20f434bc3908a0b18da496348657133a7e,0xe522b300071b43d31965a2fc7a70d78783b6ce94,0xf2748c4bc1842b38f466a860d30de2330203c0e0,low
0xba4eee20f434bc3908a0b18da496348657133a7e,0xe522b300071b43d31965a2fc7a70d78783b6ce94,0xf4232686a18468fdd4c60b69033235e6c61e4f22,low
0xba4eee20f434bc3908a0b18da496348657133a7e,0xe522b300071b43d31965a2fc7a70d78783b6ce94,0xfa1807d861cad31255bf75534e41e7115d498ed7,low
0xba4eee20f434bc3908a0b18da496348657133a7e,0xe522b300071b43d31965a2fc7a70d78783b6ce94,0xfc19ce8f91955458ad135beddd201d554db4cd09,low
0xba4eee20f434bc3908a0b18da496348657133a7e,0xe522b300071b43d31965a2fc7a70d78783b6ce94,0x5d15048211ea6614593bb2ec432316f89c07b4b0,low
0xdf9b7c6abdc80978284127e3afa562a249effe3f,0x042db35b8fda90dfddf6803321883ef0a6f3ae69,0x2b9ec7cdf011a73cb018583e4a626150383db7e8,high
0xdf9b7c6abdc80978284127e3afa562a249effe3f,0x2b9ec7cdf011a73cb018583e4a626150383db7e8,0x042db35b8fda90dfddf6803321883ef0a6f3ae69,high
0x5d22045daceab03b158031ecb7d9d06fad24609b,0x7d2375a873cf858f02f97f40cbbbc03293f9a055,0x49401ddc4e0a858b5b4cf3d6de38393b7fac7378,medium
0x2240f30d0c5d3b727ac97e5709f0f2a0f7f67380,0x73f684ed287163f7748bb200bd14a2be57c80fb6,0x70f5550dd9630bbcc96faf9f47f71d99267eec0a,high
0x3b4f790cd205cffe4da4da299be4687a5d07fc6e,0xfcfdd12f19f0e8c34bc228a2efcdeab635253a79,0x1cca1a1dbb8e7ac578720c5e90d3abd0c7f2c8f8,low
